SNo,RollNo,Rank,Allotted Quota,Allotted Institute,Course,Allotted Category,Candidate Category,Remarks
1,4408013150,1284,All India,"University College of Medical
Sciences, New Delhi",MBBS,Open,GN,Allotted
2,3804001515,1816,All India,"KGMC, LUCKNOW",MBBS,Open,GN,Allotted
3,4408007552,2109,Delhi University Quota,"Maulana Azad Medical College,
New Delhi",MBBS,Open,GN,Allotted
4,4409007209,2793,Open Seat Quota,"AIIMS, Nagpur",MBBS,Open,GN,Allotted
5,3903110416,3258,All India,"S.M.S. MEDICAL COLLEGE,
JAIPUR",MBBS,OBC,OBC,Allotted
6,4411113228,3264,Open Seat Quota,"AIIMS, Patna",MBBS,Open,GN,Allotted
7,3802006087,3330,Open Seat Quota,AIIMS Bathinda,MBBS,Open,GN,Allotted
8,2001206460,3353,Delhi University Quota,"University College of Medical
Sciences, New Delhi",MBBS,Open,GN,Allotted
9,3604001243,3460,Open Seat Quota,"AIIMS, Patna",MBBS,Open,EWS,Allotted
10,9902001099,3673,Open Seat Quota,"AIIMS, Patna",MBBS,OBC,OBC,Allotted
11,4102007411,3728,All India,"MADRAS MEDICAL COLLEGE,
CHENNAI",MBBS,OBC,OBC,Allotted
12,4408119441,3818,All India,"KGMC, LUCKNOW",MBBS,OBC,OBC,Allotted
13,4411005081,4046,Open Seat Quota,"AIIMS, Patna",MBBS,OBC,OBC,Allotted
14,3905107242,4238,Open Seat Quota,"AIIMS, Patna",MBBS,OBC,OBC,Allotted
15,1206012101,4388,Open Seat Quota,AIIMS Mangalagiri,MBBS,Open,GN,Allotted
16,4201004407,4628,Open Seat Quota,"AIIMS, Bibi Nagar, Hyderabad",MBBS,Open,GN,Allotted
17,2001214273,4733,All India,"NDMC Medical College, Delhi",MBBS,OBC,OBC,Allotted
18,3109014210,4803,Open Seat Quota,"AIIMS, Bibi Nagar, Hyderabad",MBBS,Open,GN,Allotted
19,4408112573,5021,All India,"GRANT MEDICAL COLL & SIR
J.J.HOSP,MUMBAI",MBBS,Open,GN,Allotted
20,4409003132,5191,Open Seat Quota,"Jawaharlal Nehru Medical
College, AMU,ALIGARH",MBBS,Open,OBC,Allotted
21,2811001241,5370,All India,"GOVT.MEDICAL
COLLEGE,THIRUVANANTHAPU
RAM",MBBS,Open,GN,Allotted
22,4407007097,5425,All India,"Bangalore Medical College and
Research Institute",MBBS,Open,GN,Allotted
23,4408015023,5602,All India,"Dr Ram Manohar Lohia Inst. of
Med. Sce., Lucknow",MBBS,OBC,OBC,Allotted
24,4403005517,6474,All India,"TOPIWALA NATIONAL
MEDICAL COLLEGE,MUMBAI",MBBS,Open,GN,Allotted
25,3804001722,6562,All India,"GRANT MEDICAL COLL & SIR
J.J.HOSP,MUMBAI",MBBS,Open,GN,Allotted
26,2001201148,6849,All India,"BAHIRAMJEE JIJIBHAI
MEDICAL COLLGE, PUNE",MBBS,Open,GN,Allotted
27,4408014105,7070,All India,"G.S.V.M. MEDICAL COLLEGE,
KANPUR",MBBS,Open,GN,Allotted
28,3605005092,7352,All India,"S.C.B. MEDICAL COLLEGE,
CUTTACK",MBBS,Open,GN,Allotted
29,1204006460,7368,All India,Osmania Medical College Koti,MBBS,Open,EWS,Allotted
30,1402106288,7491,Open Seat Quota,AIIMS Guahawti,MBBS,Open,GN,Allotted
31,2807009092,7518,All India,"GOVT. MEDICAL COLLEGE,
KOTTAYAM",MBBS,Open,GN,Allotted
32,1203008065,7805,Open Seat Quota,AIIMS Guahawti,MBBS,Open,GN,Allotted
33,2304006361,7977,All India,"L.L.R.M. MEDICAL COLLEGE,
MEERUT",MBBS,Open,EWS,Allotted
34,2208006219,8017,Open Seat Quota,AIIMS Rajkot,MBBS,EWS,EWS,Allotted
35,3110119174,8019,All India,"BAHIRAMJEE JIJIBHAI
MEDICAL COLLGE, PUNE",MBBS,Open,GN,Allotted
36,2304002361,8115,Open Seat Quota,AIIMS Jammu,MBBS,Open,GN,Allotted
37,2812010011,8201,Open Seat Quota,JIPMER KARAIKAL,MBBS,Open,GN,Allotted
38,1502008465,8301,Open Seat Quota,"AIIMS, Deogarh",MBBS,OBC,OBC,Allotted
39,2803014072,8327,Open Seat Quota,JIPMER KARAIKAL,MBBS,Open,GN,Allotted
40,1205034127,8386,All India,"Bangalore Medical College and
Research Institute",MBBS,EWS,EWS,Allotted
41,2302005050,8423,All India,"GRANT MEDICAL COLL & SIR
J.J.HOSP,MUMBAI",MBBS,EWS,EWS,Allotted
42,1504001158,8437,All India,"Indira Gandhi Institute of Medical
Sciences, Patna",MBBS,Open,OBC,Allotted
43,1507002065,8467,All India,"Indira Gandhi Institute of Medical
Sciences, Patna",MBBS,Open,EWS,Allotted
44,3802001177,8469,All India,"RUHS College of Medical
Sciences, Jaipur",MBBS,Open,GN,Allotted
45,1502305080,8472,All India,"Indira Gandhi Institute of Medical
Sciences, Patna",MBBS,OBC,OBC,Allotted
46,3604003856,8559,Open Seat Quota,JIPMER KARAIKAL,MBBS,Open,GN,Allotted
47,4407014540,8561,All India,"MOTI LAL NEHRU MEDICAL
COLL, ALLAHABAD",MBBS,Open,OBC,Allotted
48,4404001150,8602,All India,"MOTI LAL NEHRU MEDICAL
COLL, ALLAHABAD",MBBS,Open,GN,Allotted
49,2001303245,8630,All India,"Govt institute of Medcial
Sciences, GREATER NOIDA",MBBS,Open,GN,Allotted
50,1502003822,8650,All India,"MEDICAL COLLEGE, KOLKATA",MBBS,EWS,EWS,Allotted
51,2808004235,8813,Open Seat Quota,JIPMER KARAIKAL,MBBS,Open,GN,Allotted
52,2001309375,8949,All India,"M.G.M. MEDICAL COLLEGE,
INDORE",MBBS,Open,GN,Allotted
53,2304014168,9204,All India,"ESIC Medical College, Faridabad",MBBS,Open,GN,Allotted
54,4413001633,9287,All India,"S.N. MEDICAL COLLEGE, AGRA",MBBS,Open,GN,Allotted
55,4408004117,9300,All India,"MOTI LAL NEHRU MEDICAL
COLL, ALLAHABAD",MBBS,EWS,EWS,Allotted
56,1502012226,9312,All India,"RAJENDRA INST. OF MED.
SCI., RANCHI",MBBS,Open,GN,Allotted
57,3905010374,9445,All India,"M.G.M. MEDICAL COLLEGE,
INDORE",MBBS,Open,GN,Allotted
58,3901017081,9536,All India,"JAWAHAR LAL NEHRU
MEDICAL, AJMER",MBBS,Open,GN,Allotted
59,2001106075,9694,All India,"ESIC Medical College, Faridabad",MBBS,Open,GN,Allotted
60,2207006566,9852,All India,"M.P. SHAH MEDICAL COLLEGE,
JAMNAGAR",MBBS,Open,GN,Allotted
61,3801007337,10035,Open Seat Quota,JIPMER KARAIKAL,MBBS,Open,GN,Allotted
62,1203007103,10061,All India,"Andhra Medical College,
Visakhapatnam",MBBS,Open,GN,Allotted
63,4401001052,10093,All India,"DR.S.N. MEDICAL COLLEGE,
JODHPUR",MBBS,Open,GN,Allotted
64,3903042002,10158,All India,"DR.S.N. MEDICAL COLLEGE,
JODHPUR",MBBS,Open,GN,Allotted
65,2809036009,10166,All India,"GOVT.MEDICAL COLLEGE,
THRISSUR",MBBS,Open,OBC,Allotted
66,2702106717,10235,Open Seat Quota,JIPMER KARAIKAL,MBBS,Open,GN,Allotted
67,4409007262,10252,All India,"MAHARANI LAXMI BAI
MEDICAL COLL,JHANSI",MBBS,Open,GN,Allotted
68,2604001540,10260,All India,"RAJENDRA INST. OF MED.
SCI., RANCHI",MBBS,OBC,OBC,Allotted
69,2808102098,10275,All India,"GOVT.MEDICAL COLLEGE,
THRISSUR",MBBS,OBC,OBC,Allotted
70,4404006207,10297,Open Seat Quota,JIPMER KARAIKAL,MBBS,Open,GN,Allotted
71,4413001399,10329,All India,"MAHARANI LAXMI BAI
MEDICAL COLL,JHANSI",MBBS,Open,GN,Allotted
72,2806016240,10339,Open Seat Quota,JIPMER KARAIKAL,MBBS,Open,GN,Allotted
73,3902007011,10386,All India,"DR.S.N. MEDICAL COLLEGE,
JODHPUR",MBBS,Open,GN,Allotted
74,3114011300,10428,All India,"GRANT MEDICAL COLL & SIR
J.J.HOSP,MUMBAI",MBBS,EWS,EWS,Allotted
75,2501028089,10449,Open Seat Quota,"AIIMS, Madurai",MBBS,Open,GN,Allotted
76,4101010036,10489,Open Seat Quota,JIPMER KARAIKAL,MBBS,OBC,OBC,Allotted
77,1502302275,10508,All India,"NILRATAN SIRKAR MEDICAL
COLLEGE, KOLKATA",MBBS,Open,GN,Allotted
78,2604002223,10542,All India,"Bangalore Medical College and
Research Institute",MBBS,OBC,OBC,Allotted
79,2806011047,10661,Open Seat Quota,"AIIMS, Madurai",MBBS,Open,GN,Allotted
80,1502005097,10900,Open Seat Quota,JIPMER KARAIKAL,MBBS,OBC,OBC,Allotted
81,2603009253,10969,All India,"GOVT. MEDICAL COLLEGE,
NAGPUR",MBBS,Open,GN,Allotted
82,3607005042,11095,Open Seat Quota,"AIIMS, Madurai",MBBS,Open,GN,Allotted
83,4201018153,11106,Open Seat Quota,"AIIMS, Madurai",MBBS,Open,GN,Allotted
84,2601001720,11123,All India,"Dr. B.R. Ambedkar State Institute
of Medical Sciences",MBBS,Open,GN,Allotted
85,2809033393,11219,Open Seat Quota,JIPMER KARAIKAL,MBBS,OBC,OBC,Allotted
86,3604001133,11261,Open Seat Quota,"AIIMS, Madurai",MBBS,Open,GN,Allotted
87,2302022214,11262,All India,"GOVT.MEDICAL COLLEGE,
KOTA",MBBS,Open,GN,Allotted
88,2803001136,11302,All India,"Dr. R. N. Cooper General
Hospital, Juhu, Mumbai",MBBS,Open,GN,Allotted
89,3905004501,11419,All India,"GOVT. MEDICAL COLLEGE,
NAGPUR",MBBS,Open,GN,Allotted
90,1502304266,11488,All India,"BAHIRAMJEE JIJIBHAI
MEDICAL COLLGE, PUNE",MBBS,OBC,OBC,Allotted
91,4604003619,11775,All India,"NILRATAN SIRKAR MEDICAL
COLLEGE, KOLKATA",MBBS,Open,GN,Allotted
92,2809013003,11841,Open Seat Quota,JIPMER KARAIKAL,MBBS,OBC,OBC,Allotted
93,4101107459,11945,All India,"STANLEY MEDICAL COLLEGE,
CHENNAI",MBBS,OBC,OBC,Allotted
94,4101005536,12003,All India,"STANLEY MEDICAL COLLEGE,
CHENNAI",MBBS,OBC,OBC,Allotted
95,2601004163,12438,All India,"CALCUTTA NATIONAL MED
COLL,KOLKATA",MBBS,Open,GN,Allotted
96,4108004461,12517,Open Seat Quota,JIPMER KARAIKAL,MBBS,OBC,OBC,Allotted
97,1503002006,12587,All India,"M.G.M. MEDICAL COLLEGE,
INDORE",MBBS,EWS,EWS,Allotted
98,3802001353,12589,All India,"INDIRA GANDHI
GOVT.MEDICAL COLL.,
NAGPUR",MBBS,Open,GN,Allotted
99,1501004268,12734,All India,"RUHS College of Medical
Sciences, Jaipur",MBBS,EWS,EWS,Allotted
100,4402014209,12867,All India,Govt Medical College Faizabad,MBBS,Open,GN,Allotted
101,1206022179,12928,Open Seat Quota,JIPMER KARAIKAL,MBBS,OBC,OBC,Allotted
102,3905004041,12961,All India,"NALANDA MEDICAL COLLEGE,
PATNA",MBBS,Open,OBC,Allotted
103,2809033267,12986,Open Seat Quota,JIPMER KARAIKAL,MBBS,OBC,OBC,Allotted
104,1502104560,13019,All India,"CALCUTTA NATIONAL MED
COLL,KOLKATA",MBBS,Open,EWS,Allotted
105,2802004228,13053,All India,"T.D. MEDICAL COLLEGE,
ALLAPPUZHA",MBBS,Open,GN,Allotted
106,2302017075,13056,All India,"PT. B.D. SHARMA PGIMS,
ROHTAK",MBBS,Open,GN,Allotted
107,3109103407,13083,All India,"BAHIRAMJEE JIJIBHAI
MEDICAL COLLGE, PUNE",MBBS,OBC,OBC,Allotted
108,2809002467,13158,All India,"T.D. MEDICAL COLLEGE,
ALLAPPUZHA",MBBS,OBC,OBC,Allotted
109,2808004164,13175,All India,"T.D. MEDICAL COLLEGE,
ALLAPPUZHA",MBBS,OBC,OBC,Allotted
110,2001212480,13186,IP University Quota,"Vardhman Mahavir Medical
College and Safdarjung Hospital
New Delhi, VMMC",MBBS,OBC,OBC,Allotted
111,2808008211,13208,Open Seat Quota,JIPMER KARAIKAL,MBBS,OBC,OBC,Allotted
112,2810009136,13230,All India,"MYSORE MED.& RESEARCH
INST. MYSORE",MBBS,OBC,OBC,Allotted
113,1502218479,13253,All India,"NALANDA MEDICAL COLLEGE,
PATNA",MBBS,Open,OBC,Allotted
114,2001208571,13428,All India,"Dr. YS Parmar Govt. Medical
College, Nahan",MBBS,Open,GN,Allotted
115,1502129229,13433,All India,"NALANDA MEDICAL COLLEGE,
PATNA",MBBS,OBC,OBC,Allotted
116,3905106269,13461,All India,"M.G.M. MEDICAL COLLEGE,
INDORE",MBBS,OBC,OBC,Allotted
117,1203003319,13510,All India,"Shri Atal Bihari Vajpayee Medical
College & Research Institute,
Bengaluru",MBBS,Open,GN,Allotted
118,4411003558,13649,All India,"S.N. MEDICAL COLLEGE, AGRA",MBBS,OBC,OBC,Allotted
119,2301011180,13749,All India,"BAHIRAMJEE JIJIBHAI
MEDICAL COLLGE, PUNE",MBBS,OBC,OBC,Allotted
120,4408001928,13760,Open Seat Quota,AIIMS Jammu,MBBS,OBC,OBC,Allotted
121,4408102951,13763,All India,"NETAJI SUBHASH CHANDRA
BOSE MC,JABALPUR",MBBS,Open,GN,Allotted
122,2807032181,13834,All India,"MYSORE MED.& RESEARCH
INST. MYSORE",MBBS,OBC,OBC,Allotted
123,1502205367,13886,All India,"CALCUTTA NATIONAL MED
COLL,KOLKATA",MBBS,Open,GN,Allotted
124,4411101149,13906,All India,"PT. B.D. SHARMA PGIMS,
ROHTAK",MBBS,Open,GN,Allotted
125,4414002334,13934,All India,"Uttar Pradesh University of
Medical Sciences, Saifai, Etawah",MBBS,OBC,OBC,Allotted
126,1205018055,13939,Open Seat Quota,"AIIMS, Madurai",MBBS,OBC,OBC,Allotted
127,1206001531,13972,All India,"Dr. R. N. Cooper General
Hospital, Juhu, Mumbai",MBBS,EWS,EWS,Allotted
128,4109007477,14009,Open Seat Quota,"AIIMS, Madurai",MBBS,OBC,OBC,Allotted
129,3905106214,14029,All India,"CALCUTTA NATIONAL MED
COLL,KOLKATA",MBBS,Open,OBC,Allotted
130,4405002189,14044,All India,"S.N. MEDICAL COLLEGE, AGRA",MBBS,OBC,OBC,Allotted
131,2304003222,14047,All India,"PT. B.D. SHARMA PGIMS,
ROHTAK",MBBS,Open,GN,Allotted
132,2302001336,14059,All India,"Kalpana Chawla Govt. Medical
College, Karnal",MBBS,Open,GN,Allotted
133,1201005282,14061,All India,"ESI-MC&PGIMS&R, Banglore",MBBS,Open,GN,Allotted
134,2001303375,14089,All India,"Darbhanga Medical College,
Laheriasarai",MBBS,Open,EWS,Allotted
135,2001205577,14185,All India,"Government Doon Medcial
College, Dehradun",MBBS,Open,GN,Allotted
136,4403011352,14194,All India,"GOVT.MEDICAL COLLEGE,
KOTA",MBBS,Open,OBC,Allotted
137,3903204747,14213,All India,"JHALAWAR MEDICAL
COLLEGE, Jhalawar",MBBS,Open,GN,Allotted
138,1502103417,14335,All India,"GANDHI MEDICAL COLLEGE,
BHOPAL",MBBS,OBC,OBC,Allotted
139,2001206040,14371,All India,"Kalpana Chawla Govt. Medical
College, Karnal",MBBS,Open,GN,Allotted
140,2810013225,14407,All India,"COIMBATORE MEDICAL
COLLEGE,COIMBATORE",MBBS,Open,GN,Allotted
141,3114016137,14527,All India,"LOKMANYA TILAK MUNICIPAL
M C,MUMBAI",MBBS,OBC,OBC,Allotted
142,3604006202,14543,All India,"V.S.S. MEDICAL COLLEGE,
BURLA",MBBS,Open,GN,Allotted
143,3605003381,14642,All India,"V.S.S. MEDICAL COLLEGE,
BURLA",MBBS,Open,GN,Allotted
144,2811006441,14645,All India,Govt Medical College Kannur,MBBS,Open,GN,Allotted
145,2808027001,14746,Open Seat Quota,"AIIMS, Madurai",MBBS,OBC,OBC,Allotted
146,1205014263,14747,All India,Osmania Medical College Koti,MBBS,OBC,OBC,Allotted
147,2001017041,14828,All India,"Employees State Insurance
Corporation Medical College,
Alwar",MBBS,Open,GN,Allotted
148,1506002835,14889,All India,"Darbhanga Medical College,
Laheriasarai",MBBS,OBC,OBC,Allotted
149,3903218343,14907,Open Seat Quota,AIIMS Jammu,MBBS,OBC,OBC,Allotted
150,3607006299,14949,All India,"Sagar Dutta Medical College &
Hospital, Kolkata",MBBS,Open,GN,Allotted
151,3903124105,14955,All India,"MADURAI MEDICAL COLLEGE,
MADURAI",MBBS,Open,GN,Allotted
152,2603001669,14967,All India,"Shri Atal Bihari Vajpayee Medical
College & Research Institute,
Bengaluru",MBBS,Open,GN,Allotted
153,3117012081,15061,All India,"BAHIRAMJEE JIJIBHAI
MEDICAL COLLGE, PUNE",MBBS,OBC,OBC,Allotted
154,3905005301,15069,All India,"TOPIWALA NATIONAL
MEDICAL COLLEGE,MUMBAI",MBBS,OBC,OBC,Allotted
155,3115031215,15149,All India,"REGIONAL INST OF MEDICAL
SCI, IMPHAL",MBBS,Open,ST,Allotted
156,2803002435,15170,All India,"COIMBATORE MEDICAL
COLLEGE,COIMBATORE",MBBS,Open,GN,Allotted
157,4408101654,15179,All India,"Pt. J N M MEDICAL COLLEGE,
RAIPUR",MBBS,Open,GN,Allotted
158,1502307153,15279,All India,"SRI KRISHNA MEDICAL
COLLEGE, MUZAFFARPUR",MBBS,Open,GN,Allotted
159,2809022172,15303,Open Seat Quota,"AIIMS, Madurai",MBBS,OBC,OBC,Allotted
160,3905020227,15416,All India,"Rani Durgavati Medical College,
Banda",MBBS,OBC,OBC,Allotted
161,3905002003,15436,Open Seat Quota,"AIIMS, Madurai",MBBS,OBC,OBC,Allotted
162,2801003154,15461,All India,"Government Medical College,
ESIC, Kollam",MBBS,Open,GN,Allotted
163,2001022053,15483,All India,"Dr. YS Parmar Govt. Medical
College, Nahan",MBBS,Open,GN,Allotted
164,4410004347,15526,All India,"GAJRA RAJA MEDICAL
COLLEGE, GWALIOR",MBBS,OBC,OBC,Allotted
165,3903116254,15540,All India,"GOVT.MEDICAL COLLEGE,
KOTA",MBBS,OBC,OBC,Allotted
166,4404001220,15731,All India,"JHALAWAR MEDICAL
COLLEGE, Jhalawar",MBBS,Open,GN,Allotted
167,1505003065,15742,All India,"CALCUTTA NATIONAL MED
COLL,KOLKATA",MBBS,EWS,EWS,Allotted
168,2208008478,15769,All India,"GOVERNMENT MEDICAL
COLLEGE, SURAT",MBBS,OBC,OBC,Allotted
169,3109012114,15789,All India,"TOPIWALA NATIONAL
MEDICAL COLLEGE,MUMBAI",MBBS,OBC,OBC,Allotted
170,2001203631,15911,All India,"Autonomous State Medical
College , Fatehpur",MBBS,Open,GN,Allotted
171,3114014147,16030,All India,"TOPIWALA NATIONAL
MEDICAL COLLEGE,MUMBAI",MBBS,OBC,OBC,Allotted
172,2804006180,16060,All India,Govt Medical College Kannur,MBBS,OBC,OBC,Allotted
173,2803009251,16064,All India,"Govt Medical College, Ernakulam",MBBS,OBC,OBC,Allotted
174,4408105223,16093,All India,Govt Medical College Basti,MBBS,Open,GN,Allotted
175,4606004358,16149,All India,"R.G. KAR MEDICAL
COLLEGE,KOLKATA",MBBS,OBC,OBC,Allotted
176,2813001260,16242,All India,"Govt Medical College, Palakkad",MBBS,Open,GN,Allotted
177,1501002526,16277,All India,"GANDHI MEDICAL COLLEGE,
BHOPAL",MBBS,OBC,OBC,Allotted
178,4405101032,16296,All India,"Government Doon Medcial
College, Dehradun",MBBS,OBC,OBC,Allotted
179,4409009181,16313,All India,"BPS Govt. Med. College, Sonepat",MBBS,Open,GN,Allotted
180,2602002666,16385,All India,"M.G.M. MEDICAL
COLLEGE,JAMSHEDPUR",MBBS,OBC,OBC,Allotted
181,4411109033,16458,All India,"MRA MEDICAL COLLEGE
AMBEDKAR NAGAR, UP",MBBS,Open,OBC,Allotted
182,4408104455,16529,All India,"SRI KRISHNA MEDICAL
COLLEGE, MUZAFFARPUR",MBBS,Open,GN,Allotted
183,1206016019,16622,All India,"Andhra Medical College,
Visakhapatnam",MBBS,OBC,OBC,Allotted
184,4609002077,16653,All India,"NORTH BENGAL
MED.COLL,DARJEELING",MBBS,Open,GN,Allotted
185,3902016196,16709,All India,"JAWAHAR LAL NEHRU
MEDICAL, AJMER",MBBS,EWS,EWS,Allotted
186,1502104463,16710,All India,"Darbhanga Medical College,
Laheriasarai",MBBS,OBC,OBC,Allotted
187,4112007177,16717,All India,"MADURAI MEDICAL COLLEGE,
MADURAI",MBBS,Open,OBC,Allotted
188,3904011070,16743,All India,"GOVT.MEDICAL COLLEGE,
AMRITSAR",MBBS,OBC,OBC,Allotted
189,3905112139,16759,All India,"VARDHMAN INSTITUTE OF
MEDICAL SCIENCES, NALANDA",MBBS,Open,GN,Allotted
190,2806014124,16915,All India,"Govt Medical College, Ernakulam",MBBS,OBC,OBC,Allotted
191,4106007259,16917,All India,"MADURAI MEDICAL COLLEGE,
MADURAI",MBBS,Open,OBC,Allotted
192,3901014495,16967,All India,"Government Medical College,
Bhilwara",MBBS,Open,GN,Allotted
193,3802006418,17087,All India,"Govt Medical College, Churu",MBBS,Open,GN,Allotted
194,2603013351,17100,All India,"Shaheed Nirmal Mahto Medical
College & Hospital, Dhanbad",MBBS,OBC,OBC,Allotted
195,2001312465,17152,All India,"GHARWALE GOVT.MED SCI
&RESEARCH,SRINAGAR",MBBS,Open,GN,Allotted
196,2303001173,17181,All India,"Government Medical College
Hamirpur",MBBS,Open,GN,Allotted
197,4608004268,17183,All India,"COLLEGE OF MEDICINE and
JNM HOSPITAL, KALYANI",MBBS,Open,OBC,Allotted
198,3111110356,17187,All India,"GOVT. MEDICAL COLLEGE,
NAGPUR",MBBS,OBC,OBC,Allotted
199,4411112031,17379,All India,"CALCUTTA NATIONAL MED
COLL,KOLKATA",MBBS,OBC,OBC,Allotted
200,3904110018,17486,All India,"Government Medical College, Pali",MBBS,Open,GN,Allotted
201,4411114092,17487,All India,"GOVT. VELLORE MEDICAL
COLLEGE, VELLORE",MBBS,Open,GN,Allotted
202,1205027087,17488,All India,"ATAL BIHARI VAJPAYEE
GOVERNMENT MEDICAL
COLLEGE, VIDISHA",MBBS,Open,GN,Allotted
203,3904009334,17493,All India,"PT. B.D. SHARMA PGIMS,
ROHTAK",MBBS,OBC,OBC,Allotted
204,3122007242,17559,All India,"Dr. R. N. Cooper General
Hospital, Juhu, Mumbai",MBBS,OBC,OBC,Allotted
205,2001305394,17629,All India,"Pt. J N M MEDICAL COLLEGE,
RAIPUR",MBBS,Open,GN,Allotted
206,2001223276,17700,All India,"Government Medical College,
Bharatpur",MBBS,Open,GN,Allotted
207,2302030093,17703,All India,"Government Medical College,
Bharatpur",MBBS,OBC,OBC,Allotted
208,1502202334,17711,All India,"GOVT. MEDICAL
COLLEGE,PATIALA",MBBS,OBC,OBC,Allotted
209,1502312055,17778,All India,"SRI KRISHNA MEDICAL
COLLEGE, MUZAFFARPUR",MBBS,Open,OBC,Allotted
210,4405107232,17793,All India,"MAHARSHI DEVRAHA BABA
AUTONOMOUS STATE.
MEDICAL COLLEGE, DEORIA",MBBS,Open,GN,Allotted
211,2303002399,17803,All India,"SHKM GMC, Nalhar, Mewat,
Haryana",MBBS,Open,EWS,Allotted
212,3903026289,17846,All India,"JHALAWAR MEDICAL
COLLEGE, Jhalawar",MBBS,Open,EWS,Allotted
213,4108003431,17882,All India,"COIMBATORE MEDICAL
COLLEGE,COIMBATORE",MBBS,OBC,OBC,Allotted
214,4416002081,17897,All India,"SHKM GMC, Nalhar, Mewat,
Haryana",MBBS,Open,GN,Allotted
215,2603003331,17900,All India,"BURDWAN MEDICAL
COLLEGE,BURDWAN",MBBS,Open,GN,Allotted
216,2101008052,17903,All India,"GOA MEDICAL COLLEGE,
PANAJI",MBBS,Open,GN,Allotted
217,2001302400,17939,All India,"Government Medical College,
Omandurar",MBBS,Open,GN,Allotted
218,4405105085,18023,All India,"Autonomous State Medical
College, Siddharthnagar",MBBS,Open,GN,Allotted
219,4407011203,18030,All India,"NETAJI SUBHASH CHANDRA
BOSE MC,JABALPUR",MBBS,OBC,OBC,Allotted
220,2804011226,18038,All India,"CALCUTTA NATIONAL MED
COLL,KOLKATA",MBBS,OBC,OBC,Allotted
221,1502005223,18060,All India,"VARDHMAN INSTITUTE OF
MEDICAL SCIENCES, NALANDA",MBBS,OBC,OBC,Allotted
222,3903103035,18076,All India,"SHRI KALYAN GOVT MEDICAL
COLLEGE SIKAR",MBBS,Open,GN,Allotted
223,4411022088,18094,All India,"MRA MEDICAL COLLEGE
AMBEDKAR NAGAR, UP",MBBS,OBC,OBC,Allotted
224,2601003385,18099,All India,"GOVT. MEDICAL
COLLEGE,PATIALA",MBBS,OBC,OBC,Allotted
225,2302006026,18101,All India,"Government Medical College,
Bhilwara",MBBS,Open,EWS,Allotted
226,2001101302,18141,All India,"UTTARANCHAL F HOSP TRUST
MC,HALDWANI",MBBS,Open,GN,Allotted
227,3903209407,18142,All India,"COIMBATORE MEDICAL
COLLEGE,COIMBATORE",MBBS,OBC,OBC,Allotted
228,4411008492,18167,All India,"Diamond Harbour Govt Medical
College",MBBS,Open,GN,Allotted
229,4407016092,18218,All India,"GAJRA RAJA MEDICAL
COLLEGE, GWALIOR",MBBS,OBC,OBC,Allotted
230,3805003197,18284,All India,"Government Medical College,
Bhilwara",MBBS,Open,GN,Allotted
231,3906011005,18300,All India,"Government Medical College,
Bhilwara",MBBS,Open,OBC,Allotted
232,2811003465,18304,All India,"GOVT. VELLORE MEDICAL
COLLEGE, VELLORE",MBBS,OBC,OBC,Allotted
233,3903136222,18320,All India,"JHALAWAR MEDICAL
COLLEGE, Jhalawar",MBBS,Open,OBC,Allotted
234,4405011036,18330,All India,"MG Inst. of Medical Sciences,
Sevagram Wardha",MBBS,Open,GN,Allotted
235,3903102140,18384,All India,"Govt Medical College Barmer
Rajasthan",MBBS,Open,GN,Allotted
236,3904014095,18398,All India,"SLBS Govt. Medical College,
Mandi",MBBS,OBC,OBC,Allotted
237,3903203333,18420,All India,"Govt Medical College, Churu",MBBS,Open,GN,Allotted
238,4410001597,18509,All India,"ASSAM MEDICAL COLLEGE,
DIBRUGARH",MBBS,Open,GN,Allotted
239,1502208077,18530,All India,"CALCUTTA NATIONAL MED
COLL,KOLKATA",MBBS,OBC,OBC,Allotted
240,1201002369,18551,All India,"ANUGRAH NARAYAN MAGADH
MEDICAL COLLEGE, GAYA",MBBS,OBC,OBC,Allotted
241,2001202419,18558,All India,"MG Inst. of Medical Sciences,
Sevagram Wardha",MBBS,Open,GN,Allotted
242,4402016423,18559,All India,"S.S. MEDICAL COLLEGE,
REWA",MBBS,Open,OBC,Allotted
243,2001115224,18573,All India,"Pt. Jawahar Lal Nehru Govt. Med.
College, Chamba",MBBS,Open,EWS,Allotted
244,3902004136,18619,All India,"NEIGRIHMS, SHILLONG",MBBS,Open,GN,Allotted
245,1901002045,18772,All India,"MANDYA INST. OF MEDICAL
SCI., MANDYA",MBBS,Open,GN,Allotted
246,4411006122,18812,All India,"Autonomous State Medical
College, Ghazipur",MBBS,Open,GN,Allotted
247,1502206004,18833,All India,"SRI KRISHNA MEDICAL
COLLEGE, MUZAFFARPUR",MBBS,EWS,EWS,Allotted
248,1502209036,18855,All India,"ANUGRAH NARAYAN MAGADH
MEDICAL COLLEGE, GAYA",MBBS,EWS,EWS,Allotted
249,2302020295,18862,All India,"BUNDELKHAND MEDICAL
COLLEGE, SAGAR",MBBS,Open,GN,Allotted
250,3906005017,18864,All India,"Government Medical College,
Bhilwara",MBBS,OBC,OBC,Allotted
251,3903223181,18875,All India,"SHRI KALYAN GOVT MEDICAL
COLLEGE SIKAR",MBBS,OBC,OBC,Allotted
252,4410004199,18898,All India,"BELGAUM INST. OF MEDICAL
SCI., BELGAUM",MBBS,Open,GN,Allotted
253,4412001216,18910,All India,"Autonomous State Medical
College ,Etah",MBBS,Open,GN,Allotted
254,1502110285,18979,All India,"Govt Medical College Barmer
Rajasthan",MBBS,Open,GN,Allotted
255,3905104146,19000,All India,"SRI KRISHNA MEDICAL
COLLEGE, MUZAFFARPUR",MBBS,OBC,OBC,Allotted
256,3903024380,19022,All India,"JHALAWAR MEDICAL
COLLEGE, Jhalawar",MBBS,EWS,EWS,Allotted
257,2302015275,19045,All India,"GURU GOVIND SINGH MED
COLL,FARIDKOT",MBBS,OBC,OBC,Allotted
258,4608107379,19061,All India,"ESIC Medical College AND
PGIMSR, Chennai",MBBS,Open,GN,Allotted
259,3903018171,19084,All India,"JHALAWAR MEDICAL
COLLEGE, Jhalawar",MBBS,OBC,OBC,Allotted
260,4404002181,19098,All India,"CHHATTISGARH INSTITUTE OF
MEDICAL SCIENCES, BILASP",MBBS,Open,GN,Allotted
261,2304015134,19113,All India,"Govt Medical College Barmer
Rajasthan",MBBS,Open,EWS,Allotted
262,3604014470,19148,All India,"KURNOOL MEDICAL COLLEGE,
KURNOOL",MBBS,Open,GN,Allotted
263,4407014097,19160,All India,"Autonomous State Medical
college Society Hardoi",MBBS,OBC,OBC,Allotted
264,2208005111,19175,All India,"MG Inst. of Medical Sciences,
Sevagram Wardha",MBBS,Open,GN,Allotted
265,2304007382,19182,All India,"ESIC Medical College & Hospital,
Bihta",MBBS,Open,GN,Allotted
266,2304017144,19210,All India,"Govt Medical College Barmer
Rajasthan",MBBS,Open,GN,Allotted
267,1502211217,19225,All India,"COLLEGE OF MEDICINE and
JNM HOSPITAL, KALYANI",MBBS,Open,GN,Allotted
268,3903224261,19238,All India,"SHRI KALYAN GOVT MEDICAL
COLLEGE SIKAR",MBBS,OBC,OBC,Allotted
269,3904013216,19243,All India,"Gadag Institute of Medical
Sciences",MBBS,Open,OBC,Allotted
270,1503016009,19249,All India,"GOVT. MEDICAL
COLLEGE,TIRUNELVELI",MBBS,Open,GN,Allotted
271,3905106312,19257,All India,"ESIC Medical College, Hyderbad",MBBS,OBC,OBC,Allotted
272,2304011046,19259,All India,"SOBAN SINGH JEENA
GOVERNMENT INSTITUTE OF
MEDICAL SCIENCE &
RESEARCH, ALMORA",MBBS,Open,GN,Allotted
273,3902022115,19260,All India,"SOBAN SINGH JEENA
GOVERNMENT INSTITUTE OF
MEDICAL SCIENCE &
RESEARCH, ALMORA",MBBS,Open,GN,Allotted
274,2001308591,19275,All India,"MEDICAL COLLEGE,
BHAVNAGAR",MBBS,OBC,OBC,Allotted
275,2809002377,19276,All India,"THOOTHUKUDI MEDICAL
COLLEGE,THOOTHUKUDI",MBBS,Open,OBC,Allotted
276,2304002103,19283,All India,"Shri Vinobha Bhave Institute
Medical Sciences",MBBS,Open,GN,Allotted
277,3903017316,19285,All India,"Govt Medical College Barmer
Rajasthan",MBBS,OBC,OBC,Allotted
278,3906004417,19289,All India,"GOA MEDICAL COLLEGE,
PANAJI",MBBS,OBC,OBC,Allotted
279,4402029205,19298,All India,"GOVERNMENT MEDICAL
COLLEGE AND GENERAL
HOSPITAL, SATARA",MBBS,Open,GN,Allotted
280,2001115120,19301,All India,Govt Medical college Shivpuri,MBBS,Open,GN,Allotted
281,3902017084,19304,All India,"NEIGRIHMS, SHILLONG",MBBS,Open,GN,Allotted
282,3902012228,19305,All India,"Pt. J N M MEDICAL COLLEGE,
RAIPUR",MBBS,OBC,OBC,Allotted
283,1601003650,19309,All India,"ACSR Govt Medical College,
Nellore",MBBS,Open,GN,Allotted
284,3905119104,19312,All India,"Govt. Medical College, Khandwa",MBBS,Open,GN,Allotted
285,4415001029,19314,All India,Govt Medical college Shivpuri,MBBS,Open,GN,Allotted
286,3903120159,19317,All India,"KARNATAK INST. OF MEDICAL
SC.,HUBLI",MBBS,OBC,OBC,Allotted
287,3905015329,19326,All India,"Sagar Dutta Medical College &
Hospital, Kolkata",MBBS,OBC,OBC,Allotted
288,3805003211,19330,All India,"Fakhruddin Ali Ahmed Medical
College, Barpeta",MBBS,Open,GN,Allotted
289,1502311586,19336,All India,"Government Medical College,
Kanker, Chhattisgarh",MBBS,Open,OBC,Allotted
290,3902018066,19351,All India,"COLLEGE OF MEDICINE and
JNM HOSPITAL, KALYANI",MBBS,OBC,OBC,Allotted
291,3903122035,19358,All India,"BUNDELKHAND MEDICAL
COLLEGE, SAGAR",MBBS,EWS,EWS,Allotted
292,4401002718,19368,All India,"SHEIKH BHIKHARI MEDICAL
COLLEGE & HOSPITAL,
HAZARIBAG ( Formerly called
as- Hazaribagh Medical College,
Hazaribag)",MBBS,Open,GN,Allotted
293,1502228036,19373,All India,"ESIC Medical College & Hospital,
Bihta",MBBS,OBC,OBC,Allotted
294,4411111084,19387,All India,"Autonomous State Medical
College Society , Mirzapur",MBBS,OBC,OBC,Allotted
295,4402009385,19388,All India,"Goverment Medical College And
Hospital Jalgaon",MBBS,Open,GN,Allotted
296,1505003292,19389,All India,"ESIC Medical College & Hospital,
Bihta",MBBS,OBC,OBC,Allotted
297,2806033178,19401,All India,"Government Medical College,
Dindigul",MBBS,Open,OBC,Allotted
298,4413001538,19407,All India,"Government Medcial College,
Ambikapur",MBBS,Open,GN,Allotted
299,3905011318,19413,All India,"Pt. J N M MEDICAL COLLEGE,
RAIPUR",MBBS,OBC,OBC,Allotted
300,4411120199,19415,All India,"Jawaharlal Nehru Medical
College, Bhagalpur",MBBS,OBC,OBC,Allotted
301,2302006421,19416,All India,"SHKM GMC, Nalhar, Mewat,
Haryana",MBBS,OBC,OBC,Allotted
302,4408112171,19424,All India,"VIJAYNAGAR INST OF MED.
SC,BELLARY",MBBS,Open,GN,Allotted
303,2809014227,19426,All India,"GTMC, THIRUVARUR",MBBS,OBC,OBC,Allotted
304,2001123143,19427,All India,"Goverment Medical College,
Bettiah",MBBS,OBC,OBC,Allotted
305,4411101002,19433,All India,Govt Medical College Baramati,MBBS,OBC,OBC,Allotted
306,4407004385,19435,All India,"Rajarshee Chhatrapati Shahu
Maharaj Government Medical
College Kolhapur",MBBS,Open,GN,Allotted
307,3903115384,19437,All India,"GOVERMENT MEDICAL
COLLEGE NANDURBAR
MAHARARASTRA",MBBS,Open,OBC,Allotted
308,4404002569,19439,All India,"ESIC Medical College AND
PGIMSR, Chennai",MBBS,OBC,OBC,Allotted
309,1502012077,19441,All India,"Lt. L A M Govt. Medical College,
Raigarh",MBBS,Open,GN,Allotted
310,2001124063,19446,All India,"MG Inst. of Medical Sciences,
Sevagram Wardha",MBBS,Open,GN,Allotted
311,3903128015,19454,All India,"Govt Medical College, Churu",MBBS,OBC,OBC,Allotted
312,2001004374,19459,All India,"Dr. B.R. Ambedkar State Institute
of Medical Sciences",MBBS,OBC,OBC,Allotted
313,3903103145,19461,All India,"Indira Gandhi Medical College &
RI, Puducherry",MBBS,Open,GN,Allotted
314,3903208494,19464,All India,"NORTH BENGAL
MED.COLL,DARJEELING",MBBS,OBC,OBC,Allotted
315,2304015107,19469,All India,"BIDAR INSTITUTE OF MEDICAL
SCI., BIDAR",MBBS,Open,GN,Allotted
316,4402007170,19471,All India,"Government of Medical College
and Hospital, Balasore",MBBS,Open,GN,Allotted
317,1502214294,19475,All India,"Rangaraya Medical College,
Kakinada",MBBS,Open,GN,Allotted
318,3802011267,19478,All India,"Govt Medical College, Churu",MBBS,OBC,OBC,Allotted
319,3903206374,19483,All India,"Pt. Jawahar Lal Nehru Govt. Med.
College, Chamba",MBBS,OBC,OBC,Allotted
320,3905111133,19487,All India,"S.S. MEDICAL COLLEGE,
REWA",MBBS,OBC,OBC,Allotted
321,4416002325,19489,All India,"ESIC Medical College, Gulbarga",MBBS,Open,GN,Allotted
322,3904016001,19494,All India,"Government Medical College
Hamirpur",MBBS,OBC,OBC,Allotted
323,3604012060,19498,All India,"ESIC Medical College, Gulbarga",MBBS,Open,GN,Allotted
324,1502124022,19501,All India,"Diamond Harbour Govt Medical
College",MBBS,OBC,OBC,Allotted
325,1501006052,19502,All India,"SHEIKH BHIKHARI MEDICAL
COLLEGE & HOSPITAL,
HAZARIBAG ( Formerly called
as- Hazaribagh Medical College,
Hazaribag)",MBBS,Open,OBC,Allotted
326,4411014155,19504,All India,"Government Medical College,
Kanker, Chhattisgarh",MBBS,Open,OBC,Allotted
327,3903137194,19505,All India,"BUNDELKHAND MEDICAL
COLLEGE, SAGAR",MBBS,OBC,OBC,Allotted
328,3903031280,19513,All India,"MG Inst. of Medical Sciences,
Sevagram Wardha",MBBS,OBC,OBC,Allotted
329,2001308448,19515,All India,"UNS AUTONOMOUS STATE
MEDICAL COLLEGES, Jaunpur",MBBS,EWS,EWS,Allotted
330,4102004908,19523,All India,"SVIMS - Sri Padmavathi Medical
College for Women, Tirupati",MBBS,Open,GN,Allotted
331,3905112202,19526,All India,"MIDNAPORE MEDICAL
COLLEGE, MIDNAPUR",MBBS,Open,OBC,Allotted
332,2001106392,19527,All India,"SVIMS - Sri Padmavathi Medical
College for Women, Tirupati",MBBS,Open,OBC,Allotted
333,3802012023,19531,All India,"MG Inst. of Medical Sciences,
Sevagram Wardha",MBBS,OBC,OBC,Allotted
334,2001108478,19533,All India,"ESIC Medical College & Hospital,
Bihta",MBBS,EWS,EWS,Allotted
335,2001302154,19535,All India,"Koppal Institute of Medical
Sciences",MBBS,Open,GN,Allotted
336,2001302236,19540,All India,"CHIKKABALLAPURA INSTITUTE
OF MEDICAL SCIENCES,
KARNATAKA",MBBS,Open,OBC,Allotted
337,3903012107,19542,All India,"Government Medcial College,
Gondia",MBBS,Open,OBC,Allotted
338,3903237273,19543,All India,"Government Medical College,
Sindhudurg",MBBS,OBC,OBC,Allotted
339,3903211398,19548,All India,"Government Medcial College,
Gondia",MBBS,OBC,OBC,Allotted
340,2001013390,19553,All India,"KURNOOL MEDICAL COLLEGE,
KURNOOL",MBBS,OBC,OBC,Allotted
341,4408019241,19558,All India,"Sri Jagannath Medical College &
Hospital, Puri",MBBS,Open,GN,Allotted
342,4401001208,19563,All India,"Government Medical College,
Dindigul",MBBS,Open,GN,Allotted
343,4501013088,19564,All India,"Government Medical College,
Ananthapuram",MBBS,Open,OBC,Allotted
344,2603006123,19575,All India,"ACSR Govt Medical College,
Nellore",MBBS,Open,GN,Allotted
345,3901017324,19581,All India,"GVMC, VILLUPURAM",MBBS,OBC,OBC,Allotted
346,3903015195,19590,All India,"MG Inst. of Medical Sciences,
Sevagram Wardha",MBBS,OBC,OBC,Allotted
347,4401010368,19592,All India,"Kodagu Institute of Medical
Sciences, Kodagu",MBBS,Open,GN,Allotted
348,2302002612,19598,All India,"ACSR Govt Medical College,
Nellore",MBBS,Open,GN,Allotted
349,4408016214,19599,All India,"Government Doon Medcial
College, Dehradun",MBBS,EWS,EWS,Allotted
350,2303004279,19606,All India,"Dr. YS Parmar Govt. Medical
College, Nahan",MBBS,EWS,EWS,Allotted
351,4411113384,19610,All India,"Government Medical College,
Krishnagiri",MBBS,Open,GN,Allotted
352,2809001272,19620,All India,"Govt. Pudukkottai Medical
College Hopt., Pudukkott",MBBS,OBC,OBC,Allotted
353,3903133161,19623,All India,"Government Medical College,
Nagapattinam",MBBS,Open,OBC,Allotted
354,4411013191,19627,All India,"GOA MEDICAL COLLEGE,
PANAJI",MBBS,EWS,EWS,Allotted
355,3903205161,19634,All India,"Pt. Raghunath Murmu Med.
College, Baripada",MBBS,Open,GN,Allotted
356,1502014354,19640,All India,"Government Medical College
Suryapet",MBBS,Open,GN,Allotted
357,4416002676,19646,All India,"Rajah Muthiah Medical College,
Annamalai Universit",MBBS,OBC,OBC,Allotted
358,1503019094,19656,All India,"BANKURA SAMMILANI MED
COLL,BANKURA",MBBS,EWS,EWS,Allotted
359,2001110377,19659,All India,"ESIC Medical College AND
PGIMSR, Chennai",MBBS,EWS,EWS,Allotted
360,3903223309,19661,All India,"Government Medical College,
Dindigul",MBBS,Open,GN,Allotted
361,3905017204,19663,All India,"Government Medical College,
Kallakurichi",MBBS,Open,GN,Allotted
362,4407010186,19665,All India,Govt. Sivgangai M. C. Sivagangai,MBBS,Open,GN,Allotted
363,3906006252,19666,All India,"DR. VAISHAMPAYAM
MEMORIAL M.C.,SHOLAPUR",MBBS,EWS,EWS,Allotted
364,3901003289,19668,All India,"DR.S.C.GOVT MEDICAL
COLLEGE,,NANDED",MBBS,EWS,EWS,Allotted
365,3903114076,19681,All India,"Government Medical College
Suryapet",MBBS,OBC,OBC,Allotted
366,3902010003,19688,All India,"Bhima Bhoi Medical College and
Hospital , Balangir",MBBS,OBC,OBC,Allotted
367,4416001215,19707,All India,"Government medical College,
Namakkal",MBBS,Open,GN,Allotted
368,3904011062,19713,All India,"Government Medical College,
Tiruppur",MBBS,Open,OBC,Allotted
369,2811026226,19724,All India,"Government Medical College,
Virudhunagar",MBBS,Open,GN,Allotted
370,2808019180,19726,All India,"Government Medical College,
Kallakurichi",MBBS,OBC,OBC,Allotted
371,2812015085,19732,All India,"Government Medical College,
Nagapattinam",MBBS,Open,OBC,Allotted
372,3903033059,19742,All India,"Government Medical College,
Nilgiris",MBBS,OBC,OBC,Allotted
373,2001301297,19746,All India,"RAJIV GANDHI INSTITUTE OF
MEDICAL SCIENCES, KADAPA",MBBS,EWS,EWS,Allotted
374,2304009212,19798,All India,"Mursidabad M C & Hospital,
Mursidabad",MBBS,EWS,EWS,Allotted
375,4408112369,19824,All India,"Sri Jagannath Medical College &
Hospital, Puri",MBBS,EWS,EWS,Allotted
376,2001111167,19827,All India,"THANJAVUR MEDICAL
COLL.,THANJAVUR",MBBS,EWS,EWS,Allotted
377,4405022125,19867,All India,"ZORAM MEDICAL COLLEGE
Falkawn",MBBS,EWS,EWS,Allotted
378,3903121220,20827,All India,"Maulana Azad Institute of Dental
Sciences, New Delhi",BDS,Open,OBC,Allotted
379,3802010230,20829,All India,"Maulana Azad Institute of Dental
Sciences, New Delhi",BDS,EWS,EWS,Allotted
380,2001219231,21684,All India,"Maulana Azad Institute of Dental
Sciences, New Delhi",BDS,EWS,EWS,Allotted
381,4503005266,22038,All India,"Maulana Azad Institute of Dental
Sciences, New Delhi",BDS,OBC,OBC,Allotted
382,2001003507,22790,Open Seat Quota,"IMS BHU Dental, Varanasi",BDS,Open,GN,Allotted
383,3903130073,22978,All India,"RUHS College of Dental Science,
Jaipur",BDS,Open,OBC,Allotted
384,2301008086,23276,All India,"GDC,PT.BDS UNIV.OF HEALTH
SCI,ROHTAK",BDS,Open,GN,Allotted
385,1502319216,23474,Open Seat Quota,"IMS BHU Dental, Varanasi",BDS,Open,GN,Allotted
386,4411012341,23555,Open Seat Quota,"IMS BHU Dental, Varanasi",BDS,Open,GN,Allotted
387,3905010060,23564,Open Seat Quota,"IMS BHU Dental, Varanasi",BDS,Open,OBC,Allotted
388,2001202200,23598,All India,"M.G.D.C. & HOSPITAL,
PUDUCHERRY",BDS,Open,GN,Allotted
389,1505001479,23830,All India,"GOVT. DENTAL COLLEGE,
KOZIKODE",BDS,Open,OBC,Allotted
390,3905004470,23933,Open Seat Quota,"Dr. Ziauddin Ahmed Dental
College and Hospital,ALIGARH",BDS,Open,EWS,Allotted
391,4402005540,23978,Open Seat Quota,"IMS BHU Dental, Varanasi",BDS,Open,OBC,Allotted
392,3905107113,24257,Open Seat Quota,"Dr. Ziauddin Ahmed Dental
College and Hospital,ALIGARH",BDS,Open,EWS,Allotted
393,4401013078,24931,All India,"RUHS College of Dental Science,
Jaipur",BDS,Open,GN,Allotted
394,2301004036,26054,All India,"Burdwan Dental College &
Hospital, Burdwan",BDS,Open,GN,Allotted
395,1501002600,26070,All India,"PATNA DENTAL COLLEGE &
HOSPITAL, PATNA",BDS,Open,EWS,Allotted
396,4408007295,26230,All India,"Burdwan Dental College &
Hospital, Burdwan",BDS,Open,GN,Allotted
397,2808113209,26476,All India,"GOVT. DENTAL COLLEGE,
KOZIKODE",BDS,Open,OBC,Allotted
398,3905012296,26583,All India,"RUHS College of Dental Science,
Jaipur",BDS,Open,OBC,Allotted
399,3905002259,26641,All India,"PATNA DENTAL COLLEGE &
HOSPITAL, PATNA",BDS,OBC,OBC,Allotted
400,4402001087,26944,All India,ESIC Dental College and Hospital,BDS,Open,EWS,Allotted
401,3903218223,27005,All India,"GOVT. DENTAL COLLEGE,
KOZIKODE",BDS,Open,GN,Allotted
402,3604012460,27082,All India,"S.C.B. MEDICAL
COLL(DENTAL),CUTTACK",BDS,Open,EWS,Allotted
403,4405112321,27163,All India,"Burdwan Dental College &
Hospital, Burdwan",BDS,Open,GN,Allotted
404,3604001632,27358,All India,"GOVT DEN COLL DENTAL
WING PATIALA",BDS,Open,EWS,Allotted
405,4402005040,27679,All India,"GOVT. DENTAL COLLEGE,
KOZIKODE",BDS,Open,EWS,Allotted
406,3903210267,27781,All India,"TAMILNADU GOVT D.C. &
HOSP, CHENNAI",BDS,Open,GN,Allotted
407,4402009356,27846,Open Seat Quota,"Faculty of Dentistry, Jamia Millia
Islamia, New Delhi",BDS,Open,EWS,Allotted
408,3905001430,28062,All India,"Burdwan Dental College &
Hospital, Burdwan",BDS,Open,GN,Allotted
409,3614001172,28078,All India,"S.C.B. MEDICAL
COLL(DENTAL),CUTTACK",BDS,Open,EWS,Allotted
410,3604015217,28137,All India,"S.C.B. MEDICAL
COLL(DENTAL),CUTTACK",BDS,Open,GN,Allotted
411,2812003251,28200,All India,"TAMILNADU GOVT D.C. &
HOSP, CHENNAI",BDS,Open,OBC,Allotted
412,2809020222,28334,All India,"GOVT. DENTAL COLLEGE,
KOZIKODE",BDS,OBC,OBC,Allotted
413,2810012011,28532,All India,"TAMILNADU GOVT D.C. &
HOSP, CHENNAI",BDS,Open,OBC,Allotted
414,3905123186,28629,All India,"NAIR HOSP DENTAL COLLEGE
& HOSP,MUMBAI",BDS,Open,OBC,Allotted
415,4404004007,28650,All India,"Vardhman Mahavir Medical
College and Safdarjung Hospital
New Delhi, VMMC",MBBS,SC,SC,Allotted
416,1502304535,28702,Open Seat Quota,"Faculty of Dentistry, Jamia Millia
Islamia, New Delhi",BDS,Open,OBC,Allotted
417,4414001286,29105,All India,"GDC,PT.BDS UNIV.OF HEALTH
SCI,ROHTAK",BDS,Open,GN,Allotted
418,2304004084,29268,Open Seat Quota,"Faculty of Dentistry, Jamia Millia
Islamia, New Delhi",BDS,Open,OBC,Allotted
419,4404006509,29444,All India,"GOVT. DENTAL COLLEGE &
HOSP,AHMEDABAD",BDS,Open,GN,Allotted
420,3604015223,29694,All India,"GOVT. DENTAL COLLEGE,
SHIMLA",BDS,Open,GN,Allotted
421,4608108257,29796,All India,"GOVT. DENTAL COLL.& HOSP.,
JAMNAGAR",BDS,Open,GN,Allotted
422,2304004011,29907,All India,"GDC,PT.BDS UNIV.OF HEALTH
SCI,ROHTAK",BDS,Open,EWS,Allotted
423,3905028233,30105,All India,"M.G.D.C. & HOSPITAL,
PUDUCHERRY",BDS,Open,OBC,Allotted
424,4404006285,30218,All India,ESIC Dental College and Hospital,BDS,OBC,OBC,Allotted
425,3901017092,30291,Open Seat Quota,"Faculty of Dentistry, Jamia Millia
Islamia, New Delhi",BDS,Open,GN,Allotted
426,2302012245,30318,Open Seat Quota,"Faculty of Dentistry, Jamia Millia
Islamia, New Delhi",BDS,Open,OBC,Allotted
427,3905010398,30500,Jamia Muslim Women Quota,"Faculty of Dentistry, Jamia Millia
Islamia, New Delhi",BDS,Open,GN,Allotted
428,4415006170,30525,Open Seat Quota,"Faculty of Dentistry, Jamia Millia
Islamia, New Delhi",BDS,Open,GN,Allotted
429,1502315046,30845,All India,"DC, RIMS, Imphal",BDS,Open,OBC,Allotted
430,2001019278,30877,All India,"Dental Institue, RIMS, Ranchi",BDS,Open,GN,Allotted
431,2001110155,31225,All India,"GDC,PT.BDS UNIV.OF HEALTH
SCI,ROHTAK",BDS,Open,GN,Allotted
432,2001108017,31341,All India,"M.G.D.C. & HOSPITAL,
PUDUCHERRY",BDS,EWS,EWS,Allotted
433,3906019216,31356,All India,"Burdwan Dental College &
Hospital, Burdwan",BDS,Open,GN,Allotted
434,2001116309,31668,Jamia Muslim Quota,"Faculty of Dentistry, Jamia Millia
Islamia, New Delhi",BDS,Open,GN,Allotted
435,3802009291,31761,All India,"Burdwan Dental College &
Hospital, Burdwan",BDS,Open,GN,Allotted
436,3903004080,32009,All India,"GDC,PT.BDS UNIV.OF HEALTH
SCI,ROHTAK",BDS,Open,GN,Allotted
437,3905102019,32040,Jamia Muslim Quota,"Faculty of Dentistry, Jamia Millia
Islamia, New Delhi",BDS,Open,OBC,Allotted
438,2808002006,32059,All India,"Burdwan Dental College &
Hospital, Burdwan",BDS,Open,OBC,Allotted
439,1502001460,32319,All India,"Dental Institue, RIMS, Ranchi",BDS,Open,OBC,Allotted
440,3903021203,32398,All India,"RUHS College of Dental Science,
Jaipur",BDS,EWS,EWS,Allotted
441,2602002467,32462,All India,"Burdwan Dental College &
Hospital, Burdwan",BDS,EWS,EWS,Allotted
442,2001007340,32548,All India,"NAIR HOSP DENTAL COLLEGE
& HOSP,MUMBAI",BDS,Open,GN,Allotted
443,1502212448,32666,All India,"GOVT. D.C. & RESEARCH
INST,BANGALORE",BDS,Open,OBC,Allotted
444,2603012166,32700,All India,"DR. R. AHMED DENT.COLL &
HOSP,KOLKATA",BDS,Open,GN,Allotted
445,1502323228,32705,All India,"ESIC Dental College, Gulbarga",BDS,Open,OBC,Allotted
446,3905106255,32761,All India,"TAMILNADU GOVT D.C. &
HOSP, CHENNAI",BDS,Open,OBC,Allotted
447,2001104401,32889,All India,"DR. R. AHMED DENT.COLL &
HOSP,KOLKATA",BDS,Open,GN,Allotted
448,2001208525,32989,IP University Quota,ESIC Dental College and Hospital,BDS,Open,GN,Allotted
449,2304004345,33163,All India,"ESIC Dental College, Gulbarga",BDS,Open,GN,Allotted
450,1502310228,33312,All India,"NAIR HOSP DENTAL COLLEGE
& HOSP,MUMBAI",BDS,Open,GN,Allotted
451,1501009036,33400,All India,"DR. R. AHMED DENT.COLL &
HOSP,KOLKATA",BDS,Open,OBC,Allotted
452,1505001580,33589,Jamia Muslim Quota,"Faculty of Dentistry, Jamia Millia
Islamia, New Delhi",BDS,Open,GN,Allotted
453,2001301653,33595,All India,"DC, RIMS, Imphal",BDS,Open,GN,Allotted
454,1502211393,33864,All India,"TAMILNADU GOVT D.C. &
HOSP, CHENNAI",BDS,Open,GN,Allotted
455,4406003384,33889,All India,"DC, RIMS, Imphal",BDS,Open,GN,Allotted
456,3615001233,34001,All India,"M.G.D.C. & HOSPITAL,
PUDUCHERRY",BDS,OBC,OBC,Allotted
457,4408014503,34030,All India,"GOA DENTAL COLLEGE &
HOSPITAL, GOA",BDS,Open,GN,Allotted
458,2810002128,34087,All India,"DC, RIMS, Imphal",BDS,OBC,OBC,Allotted
459,3905016252,34091,All India,"Burdwan Dental College &
Hospital, Burdwan",BDS,OBC,OBC,Allotted
460,4503001116,34129,All India,"GOA DENTAL COLLEGE &
HOSPITAL, GOA",BDS,Open,GN,Allotted
461,3903016171,34142,All India,"Burdwan Dental College &
Hospital, Burdwan",BDS,EWS,EWS,Allotted
462,4406001047,34244,All India,"REGIONAL DENTAL COLLEGE,
GUWAHATI",BDS,Open,GN,Allotted
463,2302007072,34315,All India,"GDC,PT.BDS UNIV.OF HEALTH
SCI,ROHTAK",BDS,OBC,OBC,Allotted
464,4404005498,34418,Jamia Muslim Quota,"Faculty of Dentistry, Jamia Millia
Islamia, New Delhi",BDS,OBC,OBC,Allotted
465,3802001388,34420,All India,"GOVT DEN COLL DENTAL
WING PATIALA",BDS,Open,GN,Allotted
466,2001205348,34456,All India,"GOVT DEN COLL DENTAL
WING PATIALA",BDS,OBC,OBC,Allotted
467,2303002277,34460,All India,"TAMILNADU GOVT D.C. &
HOSP, CHENNAI",BDS,EWS,EWS,Allotted
468,3903017258,34499,All India,"Burdwan Dental College &
Hospital, Burdwan",BDS,OBC,OBC,Allotted
469,1502209439,34500,All India,"PB. GOVT. DENTAL COLLEGE
& HOSP,AMRITSAR",BDS,Open,OBC,Allotted
470,3904113103,34524,Jamia Muslim Quota,"Faculty of Dentistry, Jamia Millia
Islamia, New Delhi",BDS,OBC,OBC,Allotted
471,2001003332,34532,IP University Quota,ESIC Dental College and Hospital,BDS,Open,GN,Allotted
472,4401006094,34556,All India,"GOVT. COLLEGE OF
DENTISTRY, INDORE",BDS,Open,GN,Allotted
473,2810005090,34606,All India,"Jawaharlal Nehru Institute of
Dental Sciences, Imphal",BDS,Open,GN,Allotted
474,3903212119,34630,All India,"GOVT. D.C. & RESEARCH
INST,BANGALORE",BDS,Open,OBC,Allotted
475,4416001548,34844,All India,"GOVT. D.C. & RESEARCH
INST,BANGALORE",BDS,Open,GN,Allotted
476,1502301127,34878,All India,"GOVT. COLLEGE OF
DENTISTRY, INDORE",BDS,Open,GN,Allotted
477,2603012229,34905,All India,"Burdwan Dental College &
Hospital, Burdwan",BDS,OBC,OBC,Allotted
478,4411012375,34930,All India,"Government Dental College and
Hospital, Vijayawada",BDS,Open,OBC,Allotted
479,1502112456,35020,All India,"ESIC Dental College, Gulbarga",BDS,Open,GN,Allotted
480,2001113024,35170,All India,"Dental Institue, RIMS, Ranchi",BDS,EWS,EWS,Allotted
481,3607002125,35244,All India,"Government Dental College
Hyderabad",BDS,Open,OBC,Allotted
482,1506003756,35245,All India,"GOVT. DENTAL COLLEGE &
HOSP.,MUMBAI",BDS,Open,GN,Allotted
483,4410007357,35295,All India,"GOVT. DENTAL COLLEGE &
HOSP.,MUMBAI",BDS,Open,GN,Allotted
484,4413003032,35497,All India,"GOVT. DENTAL COLLEGE,
RAIPUR",BDS,Open,EWS,Allotted
485,1502221305,35534,All India,"GOVT. DENTAL COLLEGE,
RAIPUR",BDS,Open,GN,Allotted
486,1502004053,35587,All India,"GOVT. DENTAL COLL.& HOSP.,
JAMNAGAR",BDS,OBC,OBC,Allotted
487,3607003023,35589,All India,"Rajah Muthiah Dental College
and Hos. , Annamalai",BDS,Open,EWS,Allotted
488,4602002638,35737,All India,"ESIC Dental College, Gulbarga",BDS,OBC,OBC,Allotted
489,4410001069,35904,IP University Quota,ESIC Dental College and Hospital,BDS,Open,GN,Allotted
490,3607006180,35922,All India,"REGIONAL DENTAL COLLEGE,
GUWAHATI",BDS,Open,GN,Allotted
491,2001220199,35955,All India,"Government Dental College and
Hospital, Vijayawada",BDS,Open,GN,Allotted
492,4404004349,36052,IP University Quota,ESIC Dental College and Hospital,BDS,Open,GN,Allotted
493,1502214031,36287,All India,"GOVT. COLLEGE OF
DENTISTRY, INDORE",BDS,Open,OBC,Allotted
494,3605016343,36350,All India,"GOVT. DC & RESEARCH INSt.,
BELLARY",BDS,Open,GN,Allotted
495,4401011292,36368,All India,"Dental Institue, RIMS, Ranchi",BDS,OBC,OBC,Allotted
496,4202002470,36386,All India,"M.G.D.C. & HOSPITAL,
PUDUCHERRY",BDS,OBC,OBC,Allotted
497,3905008239,36441,All India,"Dental Institue, RIMS, Ranchi",BDS,OBC,OBC,Allotted
498,1502308514,36445,All India,"GOVT. DENTAL COLLEGE,
SHIMLA",BDS,EWS,EWS,Allotted
499,4412002012,36458,All India,"Rajah Muthiah Dental College
and Hos. , Annamalai",BDS,Open,GN,Allotted
500,3902024127,36539,All India,"Government Dental College
Hyderabad",BDS,Open,GN,Allotted
501,3902022199,36737,All India,"Government Dental College and
Hospital, Vijayawada",BDS,Open,GN,Allotted
502,2302029363,36772,All India,"Government Dental College and
Hospital, Vijayawada",BDS,Open,GN,Allotted
503,2809006082,36793,All India,"TAMILNADU GOVT D.C. &
HOSP, CHENNAI",BDS,OBC,OBC,Allotted
504,2001306132,36876,IP University Quota,ESIC Dental College and Hospital,BDS,Open,GN,Allotted
505,3903205040,37067,All India,"GOVT. DENTAL COLLEGE &
HOSP.,MUMBAI",BDS,Open,GN,Allotted
506,4601004010,37098,All India,"Govt Dental College RIMS
Kadapa",BDS,Open,GN,Allotted
507,3604001660,37142,All India,"GOVT. DENTAL COLLEGE,
RAIPUR",BDS,Open,GN,Allotted
508,4408125128,37198,All India,"NAIR HOSP DENTAL COLLEGE
& HOSP,MUMBAI",BDS,OBC,OBC,Allotted
509,3905011234,37285,All India,"Government Dental College
Hyderabad",BDS,Open,GN,Allotted
510,3905010240,37490,All India,"GOA DENTAL COLLEGE &
HOSPITAL, GOA",BDS,OBC,OBC,Allotted
511,1502101313,37607,All India,"PB. GOVT. DENTAL COLLEGE
& HOSP,AMRITSAR",BDS,EWS,EWS,Allotted
512,4407005194,37621,All India,"GOVT. DENTAL COLLEGE &
HOSP.,MUMBAI",BDS,OBC,OBC,Allotted
513,3905006094,37656,All India,"GOA DENTAL COLLEGE &
HOSPITAL, GOA",BDS,OBC,OBC,Allotted
514,2302017041,37687,All India,"GDC,PT.BDS UNIV.OF HEALTH
SCI,ROHTAK",BDS,OBC,OBC,Allotted
515,3906002505,37699,All India,"Government Dental College,
Alappuzha",BDS,Open,GN,Allotted
516,1502030275,37851,All India,"Jawaharlal Nehru Institute of
Dental Sciences, Imphal",BDS,OBC,OBC,Allotted
517,2001304625,37931,All India,"GOVT. D.C. & RESEARCH
INST,BANGALORE",BDS,Open,GN,Allotted
518,4404007416,37933,All India,"TAMILNADU GOVT D.C. &
HOSP, CHENNAI",BDS,OBC,OBC,Allotted
519,4410001391,37937,All India,"GOVT. DC & RESEARCH INSt.,
BELLARY",BDS,Open,GN,Allotted
520,3602014210,37943,All India,"Government Dental College and
Hospital, Vijayawada",BDS,OBC,OBC,Allotted
521,2001109318,38002,All India,"GOVT. DENTAL COLLEGE,
RAIPUR",BDS,Open,GN,Allotted
522,3901004119,38027,All India,"GOVT. DENTAL COLLEGE,
SHIMLA",BDS,OBC,OBC,Allotted
523,4602004347,38118,All India,"NORTH BENGAL
DENT.COLL,SUSHRUTNAGAR",BDS,Open,OBC,Allotted
524,1502217262,38121,All India,"GOVT. DENTAL COLLEGE,
SHIMLA",BDS,OBC,OBC,Allotted
525,1504004437,38167,All India,"NORTH BENGAL
DENT.COLL,SUSHRUTNAGAR",BDS,Open,OBC,Allotted
526,1502315145,38173,All India,"Government Dental College,
Thrissur",BDS,Open,OBC,Allotted
527,2804010223,38192,All India,"GOVT. DENTAL COLLEGE,
KOTTAYAM",BDS,OBC,OBC,Allotted
528,4402015009,38293,All India,"GOVT. DENTAL COLLEGE &
HOSP.,AURANGABAD",BDS,Open,OBC,Allotted
529,3905108209,38599,All India,"Government Dental College,
Alappuzha",BDS,OBC,OBC,Allotted
530,4413002093,38608,All India,"GOVT. COLLEGE OF
DENTISTRY, INDORE",BDS,OBC,OBC,Allotted
531,3903116096,38663,All India,"GOVT. DENTAL COLLEGE &
HOSP.,NAGPUR",BDS,Open,OBC,Allotted
532,2001012174,38708,All India,"Government Dental College,
Thrissur",BDS,Open,OBC,Allotted
533,2603006257,38730,All India,"GOVT DENTAL COLLEGE
Kannur",BDS,Open,GN,Allotted
534,3607001624,38809,All India,"Govt Dental College RIMS
Kadapa",BDS,Open,GN,Allotted
535,4408010489,38831,All India,"Government Dental College,
Alappuzha",BDS,OBC,OBC,Allotted
536,1506001638,38845,All India,"Government Dental College,
Alappuzha",BDS,OBC,OBC,Allotted
537,4408101557,38857,All India,"GOVT. DENTAL COLLEGE &
HOSP.,AURANGABAD",BDS,Open,GN,Allotted
538,1501001421,38897,All India,"GOVT. DENTAL COLLEGE &
HOSP.,NAGPUR",BDS,Open,OBC,Allotted
539,4501010448,38986,All India,"TAMILNADU GOVT D.C. &
HOSP, CHENNAI",BDS,OBC,OBC,Allotted
540,2001109168,39022,All India,"GOVT. DC & RESEARCH INSt.,
BELLARY",BDS,Open,GN,Allotted
541,4411122154,39104,All India,"REGIONAL DENTAL COLLEGE,
GUWAHATI",BDS,OBC,OBC,Allotted
542,1502223104,39246,All India,"Government Dental College,
Thrissur",BDS,OBC,OBC,Allotted
543,2501018123,39310,All India,"TAMILNADU GOVT D.C. &
HOSP, CHENNAI",BDS,OBC,OBC,Allotted
544,1503012049,39389,All India,"Jawaharlal Nehru Institute of
Dental Sciences, Imphal",BDS,OBC,OBC,Allotted
545,3608005204,39504,All India,"Government Dental College,
Thrissur",BDS,OBC,OBC,Allotted
546,2001007073,39517,All India,"DC, RIMS, Imphal",BDS,EWS,EWS,Allotted
547,1502215337,39532,All India,"GOVT. DC & RESEARCH INSt.,
BELLARY",BDS,Open,OBC,Allotted
548,2001022097,39565,All India,"Rajah Muthiah Dental College
and Hos. , Annamalai",BDS,Open,GN,Allotted
549,2001006586,39573,All India,"Govt Dental College RIMS
Kadapa",BDS,Open,GN,Allotted
550,4411007482,39839,All India,"Govt Dental College RIMS
Kadapa",BDS,Open,GN,Allotted
551,1502015167,39965,All India,"GOVT DEN COLL DENTAL
WING PATIALA",BDS,OBC,OBC,Allotted
552,1502001565,40035,All India,"GOVT. D.C. & RESEARCH
INST,BANGALORE",BDS,EWS,EWS,Allotted
553,2001315401,40084,IP University Quota,ESIC Dental College and Hospital,BDS,EWS,EWS,Allotted
554,4409013123,40097,All India,"ESIC Dental College, Gulbarga",BDS,EWS,EWS,Allotted
555,3903102650,40143,All India,"Government Dental College
Hyderabad",BDS,EWS,EWS,Allotted
556,3609001041,40471,All India,"Govt Dental College RIMS
Kadapa",BDS,Open,GN,Allotted
557,2001013332,40488,All India,"GOVT DENTAL COLLEGE
Kannur",BDS,OBC,OBC,Allotted
558,1502121340,40510,All India,"GOVT DENTAL COLLEGE
Kannur",BDS,OBC,OBC,Allotted
559,4502002194,40521,All India,"GOVT. DENTAL COLLEGE &
HOSP.,NAGPUR",BDS,OBC,OBC,Allotted
560,4408127184,40564,All India,"GOVT DENTAL COLLEGE
Kannur",BDS,OBC,OBC,Allotted
561,4401013232,40585,All India,"GOVT. DENTAL COLLEGE &
HOSP.,AURANGABAD",BDS,OBC,OBC,Allotted
562,3905029169,40669,All India,"Government Dental College
Hyderabad",BDS,EWS,EWS,Allotted
563,4401001021,40849,All India,"Rajah Muthiah Dental College
and Hos. , Annamalai",BDS,Open,EWS,Allotted
564,4602001723,40940,All India,"GOVT. DENTAL COLLEGE &
HOSP.,AURANGABAD",BDS,OBC,OBC,Allotted
565,4408012333,40976,All India,"GOVT. DENTAL COLLEGE &
HOSP.,AURANGABAD",BDS,OBC,OBC,Allotted
566,1503010013,41042,All India,"GOVT. DENTAL COLLEGE,
RAIPUR",BDS,OBC,OBC,Allotted
567,4409013099,41110,All India,"Govt Dental College RIMS
Kadapa",BDS,OBC,OBC,Allotted
568,3609002152,41354,All India,"Rajah Muthiah Dental College
and Hos. , Annamalai",BDS,Open,GN,Allotted
569,1502010139,41356,All India,"Rajah Muthiah Dental College
and Hos. , Annamalai",BDS,Open,OBC,Allotted
570,1502203737,41367,All India,"GOVT. DC & RESEARCH INSt.,
BELLARY",BDS,OBC,OBC,Allotted
571,1506004356,41429,All India,"Govt Dental College RIMS
Kadapa",BDS,OBC,OBC,Allotted
572,4415003338,41456,All India,"Govt Dental College RIMS
Kadapa",BDS,OBC,OBC,Allotted
573,3602002246,41948,All India,"GOVT. DC & RESEARCH INSt.,
BELLARY",BDS,OBC,OBC,Allotted
574,1503016136,42128,All India,"Rajah Muthiah Dental College
and Hos. , Annamalai",BDS,OBC,OBC,Allotted
575,4404009426,42158,All India,"Rajah Muthiah Dental College
and Hos. , Annamalai",BDS,OBC,OBC,Allotted
576,1501004210,42303,All India,"Government Dental College,
Thrissur",BDS,EWS,EWS,Allotted
577,1502202090,42543,All India,"Rajah Muthiah Dental College
and Hos. , Annamalai",BDS,OBC,OBC,Allotted
578,3903209380,42765,All India,"Government Dental College,
Thrissur",BDS,EWS,EWS,Allotted
579,1601008300,45982,Open Seat Quota,AIIMS Bathinda,MBBS,SC,SC,Allotted
580,3903205237,51697,All India,"RUHS College of Medical
Sciences, Jaipur",MBBS,SC,SC,Allotted
581,2001009235,55652,IP University Quota,ESIC Dental College and Hospital,BDS,OBC,OBC,Allotted
582,2001118148,55726,IP University Quota,ESIC Dental College and Hospital,BDS,OBC,OBC,Allotted
583,2001009150,55900,IP University Quota,ESIC Dental College and Hospital,BDS,OBC,OBC,Allotted
584,2001020055,56135,IP University Quota,ESIC Dental College and Hospital,BDS,OBC,OBC,Allotted
585,4608120049,57331,Open Seat Quota,"AIIMS, Rai Bareli",MBBS,SC,SC,Allotted
586,2001324213,57840,IP University Quota,ESIC Dental College and Hospital,BDS,OBC,OBC,Allotted
587,3903118022,58006,B.Sc Nursing All India,"College of Nursing Ahilya Bai
College of Nursing, Maulana
Azad Medical College",B.Sc. Nursing,Open,EWS,Allotted
588,3109001648,58645,All India,"GRANT MEDICAL COLL & SIR
J.J.HOSP,MUMBAI",MBBS,SC,SC,Allotted
589,3110003001,61062,All India,"LOKMANYA TILAK MUNICIPAL
M C,MUMBAI",MBBS,SC,SC,Allotted
590,2001107153,61522,All India,"Dr. R. N. Cooper General
Hospital, Juhu, Mumbai",MBBS,SC,SC,Allotted
591,2001204171,62123,"Delhi NCR Children/Widows of
Personnel of the Armed Forces
(CW) Quota","Maulana Azad Institute of Dental
Sciences, New Delhi",BDS,Open,OBC,"Allotted( CW Rank
: 83 )"
592,3606001183,63824,Open Seat Quota,"AIIMS, Bhubaneswar",MBBS,ST,ST,Allotted
593,3110007041,67037,All India,"LOKMANYA TILAK MUNICIPAL
M C,MUMBAI",MBBS,SC,SC,Allotted
594,3905014160,67590,Open Seat Quota,AIIMS Guahawti,MBBS,SC,SC,Allotted
595,3108003087,69430,All India,"Rajarshee Chhatrapati Shahu
Maharaj Government Medical
College Kolhapur",MBBS,SC,SC,Allotted
596,3602010233,70039,Open Seat Quota,"AIIMS, Deogarh",MBBS,SC,SC,Allotted
597,4403030018,70220,All India,"L.L.R.M. MEDICAL COLLEGE,
MEERUT",MBBS,SC,SC,Allotted
598,2001319254,73765,Delhi University Quota,"Lady Hardinge Medical College,
New Delhi",MBBS,SC,SC,Allotted
599,4208006015,76204,Open Seat Quota,JIPMER KARAIKAL,MBBS,SC,SC,Allotted
600,2803022206,76207,"Employees State Insurance
Scheme(ESI)","ESI-MC&PGIMS&R, Banglore",MBBS,Open,OBC,Allotted
601,1502103214,76561,Open Seat Quota,JIPMER KARAIKAL,MBBS,SC,SC,Allotted
602,4103003535,77425,All India,"GOVT. KILPAUK MEDICAL
COLLEGE,CHENNAI",MBBS,SC,SC,Allotted
603,3903007417,79029,All India,"SARDAR PATEL MEDICAL
COLLEGE, BIKANER",MBBS,SC,SC,Allotted
604,4204004249,79208,All India,Osmania Medical College Koti,MBBS,SC,SC,Allotted
605,3109003200,79297,Open Seat Quota,AIIMS Jammu,MBBS,SC,SC,Allotted
606,3109101659,80240,Open Seat Quota,"AIIMS, Madurai",MBBS,SC,SC,Allotted
607,1205002121,81672,Open Seat Quota,"AIIMS, Madurai",MBBS,SC,SC,Allotted
608,2001305041,81675,B.Sc Nursing All India,"College of Nursing Bhopal
Nursing College, BMHRC,
BHOPAL",B.Sc. Nursing,Open,GN,Allotted
609,1204010142,81993,Open Seat Quota,"AIIMS, Madurai",MBBS,SC,SC,Allotted
610,2603010203,83063,B.Sc Nursing All India,"College of Nursing BHU,
VARANASI",B.Sc. Nursing,Open,GN,Allotted
611,2304008469,85094,All India,"INDIRA GANDHI MEDICAL
COLL., SHIMLA",MBBS,SC,SC,Allotted
612,3903236095,87072,B.Sc Nursing All India,"College of Nursing BHU,
VARANASI",B.Sc. Nursing,Open,GN,Allotted
613,3002012245,87724,B.Sc Nursing All India,"College of Nursing Bhopal
Nursing College, BMHRC,
BHOPAL",B.Sc. Nursing,Open,GN,Allotted
614,4205009119,88084,All India,"Siddartha Medical College,
Vijayawada",MBBS,ST,ST,Allotted
615,2001221111,88195,Open Seat Quota,"AIIMS, Madurai",MBBS,SC,SC,Allotted
616,2001014158,88257,B.Sc Nursing All India,"College of Nursing Bhopal
Nursing College, BMHRC,
BHOPAL",B.Sc. Nursing,Open,GN,Allotted
617,2204002895,88498,All India,"MEDICAL COLLEGE,
BHAVNAGAR",MBBS,SC,SC,Allotted
618,4411011063,89939,B.Sc Nursing All India,"College of Nursing BHU,
VARANASI",B.Sc. Nursing,Open,OBC,Allotted
619,1502311198,89993,All India,"PATNA MEDICAL COLLEGE,
PATNA",MBBS,SC,SC,Allotted
620,3904101685,90142,B.Sc Nursing All India,"College of Nursing BHU,
VARANASI",B.Sc. Nursing,Open,GN,Allotted
621,4608102021,92078,All India,"BURDWAN MEDICAL
COLLEGE,BURDWAN",MBBS,SC,SC,Allotted
622,4408101079,92422,B.Sc Nursing All India,"College of Nursing BHU,
VARANASI",B.Sc. Nursing,Open,OBC,Allotted
623,4407008620,92509,All India,"NALANDA MEDICAL COLLEGE,
PATNA",MBBS,SC,SC,Allotted
624,1502109313,92559,B.Sc Nursing All India,"College of Nursing Bhopal
Nursing College, BMHRC,
BHOPAL",B.Sc. Nursing,Open,OBC,Allotted
625,2001315226,92718,"Jamia Millia Islamia Dental(JMI)
Quota","Faculty of Dentistry, Jamia Millia
Islamia, New Delhi",BDS,Open,GN,Allotted
626,4404002717,93165,Open Seat Quota,"AIIMS, Rishikesh",MBBS,Open PwD,GN PwD,Allotted
627,3902013145,93471,B.Sc Nursing All India,"College of Nursing Bhopal
Nursing College, BMHRC,
BHOPAL",B.Sc. Nursing,Open,OBC,Allotted
628,1502022205,93759,B.Sc Nursing All India,"College of Nursing BHU,
VARANASI",B.Sc. Nursing,Open,OBC,Allotted
629,4406001643,94286,All India,"GAJRA RAJA MEDICAL
COLLEGE, GWALIOR",MBBS,SC,SC,Allotted
630,4411106197,94521,B.Sc Nursing All India,"College of Nursing BHU,
VARANASI",B.Sc. Nursing,Open,EWS,Allotted
631,4503012059,94603,All India,"B.R.D. MEDICAL COLLEGE,
GORAKHPUR",MBBS,SC,SC,Allotted
632,1502018206,94710,B.Sc Nursing All India,"College of Nursing BHU,
VARANASI",B.Sc. Nursing,Open,OBC,Allotted
633,1505006039,94858,B.Sc Nursing All India,"College of Nursing Bhopal
Nursing College, BMHRC,
BHOPAL",B.Sc. Nursing,Open,OBC,Allotted
634,3903001355,95067,All India,"JAWAHAR LAL NEHRU
MEDICAL, AJMER",MBBS,SC,SC,Allotted
635,3901012152,95558,B.Sc Nursing All India,"College of Nursing Bhopal
Nursing College, BMHRC,
BHOPAL",B.Sc. Nursing,Open,OBC,Allotted
636,3903013201,95798,B.Sc Nursing All India,"College of Nursing Bhopal
Nursing College, BMHRC,
BHOPAL",B.Sc. Nursing,Open,OBC,Allotted
637,3903238162,96413,All India,"Govt Medical College, Churu",MBBS,SC,SC,Allotted
638,3610003150,96505,All India,"Pt. Raghunath Murmu Med.
College, Baripada",MBBS,SC,SC,Allotted
639,3103002035,97226,All India,"Goverment Medical College And
Hospital Jalgaon",MBBS,SC,SC,Allotted
640,2001324182,97344,B.Sc Nursing All India,"College of Nursing BHU,
VARANASI",B.Sc. Nursing,Open,OBC,Allotted
641,4402007141,97345,B.Sc Nursing All India,"College of Nursing Bhopal
Nursing College, BMHRC,
BHOPAL",B.Sc. Nursing,Open,OBC,Allotted
642,2302007369,97406,B.Sc Nursing All India,"College of Nursing BHU,
VARANASI",B.Sc. Nursing,Open,OBC,Allotted
643,1504001652,97654,B.Sc Nursing All India,"College of Nursing BHU,
VARANASI",B.Sc. Nursing,Open,OBC,Allotted
644,4502003356,98296,B.Sc Nursing All India,"College of Nursing BHU,
VARANASI",B.Sc. Nursing,Open,GN,Allotted
645,3903221354,98430,B.Sc Nursing All India,"College of Nursing BHU,
VARANASI",B.Sc. Nursing,OBC,OBC,Allotted
646,3904113347,98751,All India,"R.N.T. MEDICAL COLLEGE,
UDAIPUR",MBBS,SC,SC,Allotted
647,2304002523,98758,All India,"GOVT.MEDICAL
COLLEGE,THIRUVANANTHAPU
RAM",MBBS,SC,SC,Allotted
648,4106002518,99139,All India,"MADURAI MEDICAL COLLEGE,
MADURAI",MBBS,SC,SC,Allotted
649,3903204739,99200,All India,"JAWAHAR LAL NEHRU
MEDICAL, AJMER",MBBS,SC,SC,Allotted
650,3903025305,99449,All India,"R.N.T. MEDICAL COLLEGE,
UDAIPUR",MBBS,SC,SC,Allotted
651,3905120061,99679,All India,"GOVT.MEDICAL COLLEGE,
KOTA",MBBS,SC,SC,Allotted
652,4408021183,99694,All India,Govt Medical College Faizabad,MBBS,SC,SC,Allotted
653,2302020019,99725,All India,"Employees State Insurance
Corporation Medical College,
Alwar",MBBS,SC,SC,Allotted
654,2001319221,99873,"Jamia Millia Islamia Dental(JMI)
Quota","Faculty of Dentistry, Jamia Millia
Islamia, New Delhi",BDS,Open,GN,Allotted
655,2001205101,99876,All India,"Government Medical College,
Sindhudurg",MBBS,SC,SC,Allotted
656,3903106383,99947,All India,"Government Medical College,
Bhilwara",MBBS,SC,SC,Allotted
657,3901002030,99985,All India,"Government Medical College,
Bharatpur",MBBS,SC,SC,Allotted
658,2302026008,100008,All India,"NORTH BENGAL
MED.COLL,DARJEELING",MBBS,SC,SC,Allotted
659,4409002584,100056,All India,"ESI-MC&PGIMS&R, Banglore",MBBS,SC,SC,Allotted
660,3606004197,100066,All India,"ACSR Govt Medical College,
Nellore",MBBS,SC,SC,Allotted
661,3903034284,100085,All India,"JHALAWAR MEDICAL
COLLEGE, Jhalawar",MBBS,SC,SC,Allotted
662,4301004246,100140,All India,"ESIC PGIMSR, Joka, Kolkata,
WB",MBBS,SC,SC,Allotted
663,3903233186,100442,All India,"BPS Govt. Med. College, Sonepat",MBBS,SC,SC,Allotted
664,3903124232,100470,All India,"GURU GOVIND SINGH MED
COLL,FARIDKOT",MBBS,SC,SC,Allotted
665,1201008080,100602,All India,"ACSR Govt Medical College,
Nellore",MBBS,SC,SC,Allotted
666,1205009195,100662,All India,"Government Medical College,
ESIC, Kollam",MBBS,SC,SC,Allotted
667,3104110120,100816,All India,"GOA MEDICAL COLLEGE,
PANAJI",MBBS,SC,SC,Allotted
668,2001314239,100853,All India,"Andaman and Nicobar Islands
Institute of Medical S",MBBS,SC,SC,Allotted
669,4401014086,100924,All India,"Govt Medical College Barmer
Rajasthan",MBBS,SC,SC,Allotted
670,3904001304,100980,All India,"BANKURA SAMMILANI MED
COLL,BANKURA",MBBS,SC,SC,Allotted
671,3904113139,101079,B.Sc Nursing All India,"College of Nursing Bhopal
Nursing College, BMHRC,
BHOPAL",B.Sc. Nursing,Open,OBC,Allotted
672,3902014059,101247,All India,"Fakhruddin Ali Ahmed Medical
College, Barpeta",MBBS,SC,SC,Allotted
673,4411026001,101265,B.Sc Nursing All India,"College of Nursing BHU,
VARANASI",B.Sc. Nursing,OBC,OBC,Allotted
674,2301012042,101402,B.Sc Nursing All India,"College of Nursing LHMC, New
Delhi",B.Sc. Nursing,Open,GN,Allotted
675,4601002144,101417,B.Sc Nursing All India,"College of Nursing BHU,
VARANASI",B.Sc. Nursing,OBC,OBC,Allotted
676,2302032041,101452,All India,"Indira Gandhi Institute of Medical
Sciences, Patna",MBBS,SC,SC,Allotted
677,3903114088,101537,All India,"Govt Medical College, Dungarpur",MBBS,SC,SC,Allotted
678,3903002743,101545,All India,Govt Medical College Basti,MBBS,SC,SC,Allotted
679,3905003049,101613,All India,"Chhindwara Institute of Medical
Sciences",MBBS,SC,SC,Allotted
680,2302022173,101671,All India,"ESIC Medical College & Hospital,
Bihta",MBBS,SC,SC,Allotted
681,4103007317,101734,All India,"COIMBATORE MEDICAL
COLLEGE,COIMBATORE",MBBS,SC,SC,Allotted
682,3903016381,101742,All India,"MIDNAPORE MEDICAL
COLLEGE, MIDNAPUR",MBBS,SC,SC,Allotted
683,1205021167,101836,All India,"Government Medical College,
Mahabubangar",MBBS,SC,SC,Allotted
684,3903220159,101883,All India,"S.S. MEDICAL COLLEGE,
REWA",MBBS,SC,SC,Allotted
685,2001012017,101981,All India,"CHHATTISGARH INSTITUTE OF
MEDICAL SCIENCES, BILASP",MBBS,SC,SC,Allotted
686,3906025074,102010,All India,"COIMBATORE MEDICAL
COLLEGE,COIMBATORE",MBBS,SC,SC,Allotted
687,3904016154,102045,All India,"Pt. Jawahar Lal Nehru Govt. Med.
College, Chamba",MBBS,SC,SC,Allotted
688,4401009548,102083,All India,"Raiganj Government Medical
College",MBBS,SC,SC,Allotted
689,3903233214,102112,All India,"Government Medical College,
Kanker, Chhattisgarh",MBBS,SC,SC,Allotted
690,3906024007,102139,All India,"Government Medical College,
Nagapattinam",MBBS,SC,SC,Allotted
691,3904011338,102362,All India,"Government Medical College
Hamirpur",MBBS,SC,SC,Allotted
692,3903103217,102523,All India,"ESIC Medical College & Hospital,
Bihta",MBBS,SC,SC,Allotted
693,3905026215,102577,All India,"Gulbarga Institute of Medical
Sciences, Gulbarga",MBBS,SC,SC,Allotted
694,3905114059,102593,All India,"Goverment Medical College,
Datia",MBBS,SC,SC,Allotted
695,3903002328,102604,All India,"SHIMOGA INST. OF MEDICAL
SCI., SHIMOGA",MBBS,SC,SC,Allotted
696,3902019046,102723,All India,"MIDNAPORE MEDICAL
COLLEGE, MIDNAPUR",MBBS,SC,SC,Allotted
697,3901016308,102774,All India,"Government Medical College,
Virudhunagar",MBBS,SC,SC,Allotted
698,2302005589,102809,B.Sc Nursing All India,"College of Nursing Bhopal
Nursing College, BMHRC,
BHOPAL",B.Sc. Nursing,Open,GN,Allotted
699,3903202060,102987,All India,"MADURAI MEDICAL COLLEGE,
MADURAI",MBBS,SC,SC,Allotted
700,2302033112,102993,All India,"GOVT. VELLORE MEDICAL
COLLEGE, VELLORE",MBBS,SC,SC,Allotted
701,3903213091,103124,All India,"IRT Perundurai Medical College,
Perundurai",MBBS,SC,SC,Allotted
702,4408001074,103467,B.Sc Nursing All India,"College of Nursing BHU,
VARANASI",B.Sc. Nursing,EWS,EWS,Allotted
703,1401002713,103596,Open Seat Quota,"AIIMS, Deogarh",MBBS,ST,ST,Allotted
704,4203008177,103686,All India,"GUNTUR MEDICAL COLLEGE,
GUNTUR",MBBS,ST,ST,Allotted
705,1502221181,104478,B.Sc Nursing All India,"College of Nursing BHU,
VARANASI",B.Sc. Nursing,OBC,OBC,Allotted
706,3903226226,104952,All India,"RUHS College of Medical
Sciences, Jaipur",MBBS,ST,ST,Allotted
707,4609024119,105144,B.Sc Nursing All India,"College of Nursing Bhopal
Nursing College, BMHRC,
BHOPAL",B.Sc. Nursing,OBC,OBC,Allotted
708,3903024321,105169,B.Sc Nursing All India,"College of Nursing BHU,
VARANASI",B.Sc. Nursing,OBC,OBC,Allotted
709,2001323051,105535,B.Sc Nursing All India,"College of Nursing BHU,
VARANASI",B.Sc. Nursing,EWS,EWS,Allotted
710,2812016267,106376,"Employees State Insurance
Scheme(ESI)","ESIC Dental College, Gulbarga",BDS,Open,GN,Allotted
711,3903110208,106514,B.Sc Nursing All India,"College of Nursing Bhopal
Nursing College, BMHRC,
BHOPAL",B.Sc. Nursing,OBC,OBC,Allotted
712,4408103849,106731,B.Sc Nursing All India,"College of Nursing BHU,
VARANASI",B.Sc. Nursing,OBC,OBC,Allotted
713,4607006260,107127,B.Sc Nursing All India,"College of Nursing Bhopal
Nursing College, BMHRC,
BHOPAL",B.Sc. Nursing,OBC,OBC,Allotted
714,3905103096,107426,B.Sc Nursing All India,"College of Nursing Bhopal
Nursing College, BMHRC,
BHOPAL",B.Sc. Nursing,OBC,OBC,Allotted
715,3903116338,107511,All India,"SARDAR PATEL MEDICAL
COLLEGE, BIKANER",MBBS,ST,ST,Allotted
716,2401001807,107630,Open Seat Quota,"AIIMS, Madurai",MBBS,ST,ST,Allotted
717,3903202026,108736,B.Sc Nursing All India,"College of Nursing Bhopal
Nursing College, BMHRC,
BHOPAL",B.Sc. Nursing,OBC,OBC,Allotted
718,2001215307,108943,B.Sc Nursing All India,"College of Nursing LHMC, New
Delhi",B.Sc. Nursing,Open,OBC,Allotted
719,1503009227,109012,B.Sc Nursing All India,"College of Nursing Bhopal
Nursing College, BMHRC,
BHOPAL",B.Sc. Nursing,OBC,OBC,Allotted
720,3903101306,111044,B.Sc Nursing All India,"College of Nursing Bhopal
Nursing College, BMHRC,
BHOPAL",B.Sc. Nursing,EWS,EWS,Allotted
721,2211001334,111187,B.Sc Nursing All India,"College of Nursing Bhopal
Nursing College, BMHRC,
BHOPAL",B.Sc. Nursing,EWS,EWS,Allotted
722,3903001607,111257,B.Sc Nursing All India,"College of Nursing Bhopal
Nursing College, BMHRC,
BHOPAL",B.Sc. Nursing,OBC,OBC,Allotted
723,3903221120,111713,All India,"Maulana Azad Institute of Dental
Sciences, New Delhi",BDS,SC,SC,Allotted
724,3903135100,111841,B.Sc Nursing All India,"College of Nursing BHU,
VARANASI",B.Sc. Nursing,EWS,EWS,Allotted
725,4113001361,111992,"Employees State Insurance
Scheme(ESI)","ESIC Dental College, Gulbarga",BDS,OBC,OBC,Allotted
726,4101002521,112453,"Employees State Insurance
Scheme(ESI)","ESIC Dental College, Gulbarga",BDS,OBC,OBC,Allotted
727,3905114153,112763,All India,"Government Medical College,
Bhilwara",MBBS,ST,ST,Allotted
728,4608015270,114947,B.Sc Nursing All India,"College of Nursing Dr. RML
Hospital, New Delhi",B.Sc. Nursing,Open,GN,Allotted
729,2001306617,116701,B.Sc Nursing All India,"College of Nursing Bhopal
Nursing College, BMHRC,
BHOPAL",B.Sc. Nursing,EWS,EWS,Allotted
730,4608004356,117002,B.Sc Nursing All India,"College of Nursing Dr. RML
Hospital, New Delhi",B.Sc. Nursing,Open,GN,Allotted
731,2201010054,119297,All India,"B.J. MEDICAL COLLEGE,
AHMEDABAD",MBBS,ST,ST,Allotted
732,3905103343,119438,All India,"Dr. R. N. Cooper General
Hospital, Juhu, Mumbai",MBBS,ST,ST,Allotted
733,2809001480,119575,B.Sc Nursing All India,"College of Nursing LHMC, New
Delhi",B.Sc. Nursing,Open,OBC,Allotted
734,2803008349,120412,B.Sc Nursing All India,"College of Nursing RAK CON,
New Delhi",B.Sc. Nursing,Open,GN,Allotted
735,2808107016,120633,B.Sc Nursing All India,"College of Nursing RAK CON,
New Delhi",B.Sc. Nursing,Open,GN,Allotted
736,3903112254,120898,All India,"Govt Medical College, Dungarpur",MBBS,ST,ST,Allotted
737,1206001450,120984,All India,"DC, RIMS, Imphal",BDS,SC,SC,Allotted
738,3903207571,121013,All India,"PT. B.D. SHARMA PGIMS,
ROHTAK",MBBS,ST,ST,Allotted
739,3903106232,121120,All India,"ASSAM MEDICAL COLLEGE,
DIBRUGARH",MBBS,ST,ST,Allotted
740,3903135059,121157,All India,"GOVERNMENT MEDICAL
COLLEGE AND GENERAL
HOSPITAL, SATARA",MBBS,ST,ST,Allotted
741,3903206795,121341,All India,"GOVERMENT MEDICAL
COLLEGE NANDURBAR
MAHARARASTRA",MBBS,ST,ST,Allotted
742,4605002435,121428,All India,"DR. R. AHMED DENT.COLL &
HOSP,KOLKATA",BDS,SC,SC,Allotted
743,2001102432,121596,B.Sc Nursing All India,"College of Nursing LHMC, New
Delhi",B.Sc. Nursing,Open,GN,Allotted
744,3903215089,121839,All India,"GMC, Manjeri, Kerala",MBBS,ST,ST,Allotted
745,3903101351,122073,All India,"ESIC Medical College AND
PGIMSR, Chennai",MBBS,ST,ST,Allotted
746,3903233322,122461,All India,"Rajarshee Chhatrapati Shahu
Maharaj Government Medical
College Kolhapur",MBBS,ST,ST,Allotted
747,3903125325,122527,All India,"INST OF PG MED EDU &
RESEARCH,KOLKATA",MBBS,ST,ST,Allotted
748,4208005113,122556,All India,"Government Medical College,
Ramanathapuram",MBBS,ST,ST,Allotted
749,1502314471,122594,All India,"Government Medical College,
Tiruppur",MBBS,ST,ST,Allotted
750,3905007467,122734,All India,"SH VASANT RAO NAIK
GOVT.M.C.,YAVATMAL",MBBS,ST,ST,Allotted
751,3903116314,122833,All India,"Government Medical College,
Nagapattinam",MBBS,ST,ST,Allotted
752,2001111401,122852,B.Sc Nursing All India,"College of Nursing RAK CON,
New Delhi",B.Sc. Nursing,Open,GN,Allotted
753,2304002202,122941,B.Sc Nursing All India,"College of Nursing Safdarjung
Hospital, New Delhi",B.Sc. Nursing,Open,GN,Allotted
754,3603005035,123004,B.Sc Nursing All India,"College of Nursing Dr. RML
Hospital, New Delhi",B.Sc. Nursing,Open,OBC,Allotted
755,4604002286,123052,All India,"DR. R. AHMED DENT.COLL &
HOSP,KOLKATA",BDS,SC,SC,Allotted
756,3903011512,123072,All India,"RAMPURHAT GOVT MEDICAL
COLLEGE RAMPURHAT",MBBS,ST,ST,Allotted
757,3903011278,123106,All India,"V.S.S. MEDICAL COLLEGE,
BURLA",MBBS,ST,ST,Allotted
758,1206017286,123213,B.Sc Nursing All India,"College of Nursing LHMC, New
Delhi",B.Sc. Nursing,Open,GN,Allotted
759,3803003571,123244,B.Sc Nursing All India,"College of Nursing Dr. RML
Hospital, New Delhi",B.Sc. Nursing,Open,OBC,Allotted
760,2703012233,123454,All India,"IRT Perundurai Medical College,
Perundurai",MBBS,ST,ST,Allotted
761,3903116159,123465,All India,"KANYAKUMARI GOVT. MED.
COLL.,ASARIPALLAM",MBBS,ST,ST,Allotted
762,3903041118,123547,All India,"Indira Gandhi Medical College &
RI, Puducherry",MBBS,ST,ST,Allotted
763,3903131195,123622,All India,"KANYAKUMARI GOVT. MED.
COLL.,ASARIPALLAM",MBBS,ST,ST,Allotted
764,4208012237,123758,All India,"Indira Gandhi Medical College &
RI, Puducherry",MBBS,ST,ST,Allotted
765,1502017015,123983,All India,"Government Medical College,
Nagapattinam",MBBS,ST,ST,Allotted
766,3903022150,124032,All India,"AGARTALA GOVT. MEDICAL
COLLEGE,AGARTALA",MBBS,ST,ST,Allotted
767,4408119226,124467,B.Sc Nursing All India,"College of Nursing Dr. RML
Hospital, New Delhi",B.Sc. Nursing,Open,GN,Allotted
768,4411009391,124655,B.Sc Nursing All India,"College of Nursing Dr. RML
Hospital, New Delhi",B.Sc. Nursing,Open,OBC,Allotted
769,2808112221,124866,B.Sc Nursing All India,"College of Nursing Dr. RML
Hospital, New Delhi",B.Sc. Nursing,Open,GN,Allotted
770,3110109103,125119,B.Sc Nursing All India,"College of Nursing Florence
Nightingale CON, New Delhi",B.Sc. Nursing,Open,GN,Allotted
771,3903029213,125360,B.Sc Nursing All India,"College of Nursing LHMC, New
Delhi",B.Sc. Nursing,OBC,OBC,Allotted
772,2402017120,125696,B.Sc Nursing All India,"College of Nursing Florence
Nightingale CON, New Delhi",B.Sc. Nursing,OBC,OBC,Allotted
773,3605003332,126179,All India,"NORTH BENGAL
DENT.COLL,SUSHRUTNAGAR",BDS,SC,SC,Allotted
774,3905009322,126628,B.Sc Nursing All India,"College of Nursing Dr. RML
Hospital, New Delhi",B.Sc. Nursing,OBC,OBC,Allotted
775,2302019264,126821,B.Sc Nursing All India,"College of Nursing Dr. RML
Hospital, New Delhi",B.Sc. Nursing,OBC,OBC,Allotted
776,4608116098,127033,All India,"DR. R. AHMED DENT.COLL &
HOSP,KOLKATA",BDS,SC,SC,Allotted
777,2806031101,127305,B.Sc Nursing All India,"College of Nursing Dr. RML
Hospital, New Delhi",B.Sc. Nursing,OBC,OBC,Allotted
778,1504010091,127583,B.Sc Nursing All India,"College of Nursing Safdarjung
Hospital, New Delhi",B.Sc. Nursing,Open,OBC,Allotted
779,3611001342,127814,B.Sc Nursing All India,"College of Nursing Dr. RML
Hospital, New Delhi",B.Sc. Nursing,OBC,OBC,Allotted
780,4501010462,127845,B.Sc Nursing All India,"College of Nursing Safdarjung
Hospital, New Delhi",B.Sc. Nursing,Open,GN,Allotted
781,2808018201,128156,B.Sc Nursing All India,"College of Nursing Safdarjung
Hospital, New Delhi",B.Sc. Nursing,Open,OBC,Allotted
782,4607004179,128316,All India,"Burdwan Dental College &
Hospital, Burdwan",BDS,SC,SC,Allotted
783,3902008019,128596,B.Sc Nursing All India,"College of Nursing Safdarjung
Hospital, New Delhi",B.Sc. Nursing,Open,GN,Allotted
784,1206011176,128727,B.Sc Nursing All India,"College of Nursing Dr. RML
Hospital, New Delhi",B.Sc. Nursing,OBC,OBC,Allotted
785,3905113054,128888,B.Sc Nursing All India,"College of Nursing Safdarjung
Hospital, New Delhi",B.Sc. Nursing,Open,OBC,Allotted
786,3903014430,128936,B.Sc Nursing All India,"College of Nursing RAK CON,
New Delhi",B.Sc. Nursing,OBC,OBC,Allotted
787,2809002355,129162,B.Sc Nursing All India,"College of Nursing Safdarjung
Hospital, New Delhi",B.Sc. Nursing,Open,OBC,Allotted
788,1502103246,130067,B.Sc Nursing All India,"College of Nursing RAK CON,
New Delhi",B.Sc. Nursing,OBC,OBC,Allotted
789,1502204054,130237,B.Sc Nursing All India,"College of Nursing Safdarjung
Hospital, New Delhi",B.Sc. Nursing,Open,OBC,Allotted
790,3903016202,130505,All India,"RUHS College of Dental Science,
Jaipur",BDS,SC,SC,Allotted
791,3903011415,130530,B.Sc Nursing All India,"College of Nursing RAK CON,
New Delhi",B.Sc. Nursing,OBC,OBC,Allotted
792,1505006179,130838,B.Sc Nursing All India,"College of Nursing RAK CON,
New Delhi",B.Sc. Nursing,OBC,OBC,Allotted
793,1502101012,130841,B.Sc Nursing All India,"College of Nursing RAK CON,
New Delhi",B.Sc. Nursing,OBC,OBC,Allotted
794,4405008362,131154,All India,"PATNA DENTAL COLLEGE &
HOSPITAL, PATNA",BDS,SC,SC,Allotted
795,2001222306,135148,All India,"FACULTY OF DEN SCI, KG MED
UNIV,LUCKNOW",BDS,SC,SC,Allotted
796,2302031200,136787,All India,"ESIC Dental College, Gulbarga",BDS,SC,SC,Allotted
797,3905016087,136954,All India,"NAIR HOSP DENTAL COLLEGE
& HOSP,MUMBAI",BDS,SC,SC,Allotted
798,4407032170,138602,Open Seat Quota,"IMS BHU Dental, Varanasi",BDS,SC,SC,Allotted
799,1502202322,138846,Open Seat Quota,"IMS BHU Dental, Varanasi",BDS,SC,SC,Allotted
800,1502202726,138934,All India,"Dental Institue, RIMS, Ranchi",BDS,SC,SC,Allotted
801,4409003240,139387,All India,"GOVT. DENTAL COLLEGE &
HOSP.,AURANGABAD",BDS,SC,SC,Allotted
802,2001204335,139474,All India,"M.G.D.C. & HOSPITAL,
PUDUCHERRY",BDS,SC,SC,Allotted
803,4301003025,139895,All India,"ESIC Dental College, Gulbarga",BDS,SC,SC,Allotted
804,3110104305,139897,All India,"GOVT. COLLEGE OF
DENTISTRY, INDORE",BDS,SC,SC,Allotted
805,4407001581,140450,All India,"GOA DENTAL COLLEGE &
HOSPITAL, GOA",BDS,SC,SC,Allotted
806,2603006357,140755,All India,"REGIONAL DENTAL COLLEGE,
GUWAHATI",BDS,SC,SC,Allotted
807,4503005451,141306,All India,"GOVT. DENTAL COLLEGE &
HOSP.,MUMBAI",BDS,SC,SC,Allotted
808,3119012093,141620,All India,"GOVT. DENTAL COLLEGE &
HOSP.,MUMBAI",BDS,SC,SC,Allotted
809,3906003061,141958,All India,ESIC Dental College and Hospital,BDS,SC,SC,Allotted
810,1402104225,142260,All India,ESIC Dental College and Hospital,BDS,SC,SC,Allotted
811,3905005532,142638,All India,"GOVT. DENTAL COLLEGE,
SHIMLA",BDS,SC,SC,Allotted
812,4608012027,142748,All India,"Government Dental College
Hyderabad",BDS,SC,SC,Allotted
813,3111018068,143090,All India,"TAMILNADU GOVT D.C. &
HOSP, CHENNAI",BDS,SC,SC,Allotted
814,4408001597,143477,All India,"Government Dental College,
Alappuzha",BDS,SC,SC,Allotted
815,3906025220,143554,All India,"Government Dental College,
Thrissur",BDS,SC,SC,Allotted
816,3118013121,143570,All India,"GOVT. DENTAL COLLEGE &
HOSP.,NAGPUR",BDS,SC,SC,Allotted
817,4405111193,143634,All India,"GOVT. DENTAL COLL.& HOSP.,
JAMNAGAR",BDS,SC,SC,Allotted
818,4409014163,143886,All India,"PB. GOVT. DENTAL COLLEGE
& HOSP,AMRITSAR",BDS,SC,SC,Allotted
819,3902011028,143971,All India,"GOVT DEN COLL DENTAL
WING PATIALA",BDS,SC,SC,Allotted
820,3903203377,144023,All India,"GOVT DENTAL COLLEGE
Kannur",BDS,SC,SC,Allotted
821,3905106043,144126,All India,"Govt Dental College RIMS
Kadapa",BDS,SC,SC,Allotted
822,1503012186,144335,All India,"GOVT DENTAL COLLEGE
Kannur",BDS,SC,SC,Allotted
823,2001002199,144470,All India,"GOVT. DENTAL COLLEGE,
SHIMLA",BDS,SC,SC,Allotted
824,3605017096,144553,All India,"TAMILNADU GOVT D.C. &
HOSP, CHENNAI",BDS,SC,SC,Allotted
825,3201020139,145030,All India,"GOVT. DENTAL COLLEGE,
RAIPUR",BDS,SC,SC,Allotted
826,2001103015,145285,All India,"Govt Dental College RIMS
Kadapa",BDS,SC,SC,Allotted
827,3903207010,145558,All India,"RUHS College of Dental Science,
Jaipur",BDS,ST,ST,Allotted
828,2812009230,145719,All India,"DR. R. AHMED DENT.COLL &
HOSP,KOLKATA",BDS,ST,ST,Allotted
829,4608003483,146127,All India,"Rajah Muthiah Dental College
and Hos. , Annamalai",BDS,SC,SC,Allotted
830,3903038081,146629,All India,"GOVT. DC & RESEARCH INSt.,
BELLARY",BDS,SC,SC,Allotted
831,2001210189,146795,IP University Quota,ESIC Dental College and Hospital,BDS,SC,SC,Allotted
832,3615001205,146825,All India,"GOVT. DENTAL COLLEGE,
KOTTAYAM",BDS,SC,SC,Allotted
833,2001323152,146921,IP University Quota,ESIC Dental College and Hospital,BDS,SC,SC,Allotted
834,1205030042,147656,All India,"GOVT. DENTAL COLLEGE,
KOZIKODE",BDS,SC,SC,Allotted
835,4408004637,147690,All India,"GOVT. DENTAL COLLEGE,
TRIVANDRUM",BDS,SC,SC,Allotted
836,3901018178,148711,All India,"Rajah Muthiah Dental College
and Hos. , Annamalai",BDS,SC,SC,Allotted
837,2001322069,155496,B.Sc Nursing Delhi NCR,"College of Nursing Florence
Nightingale CON, New Delhi",B.Sc. Nursing,Open,GN,Allotted
838,2001302277,156694,B.Sc Nursing Delhi NCR,"College of Nursing Ahilya Bai
College of Nursing, Maulana
Azad Medical College",B.Sc. Nursing,Open,GN,Allotted
839,2001006319,157643,B.Sc Nursing Delhi NCR,"College of Nursing Ahilya Bai
College of Nursing, Maulana
Azad Medical College",B.Sc. Nursing,Open,GN,Allotted
840,4201002703,159760,All India,"GOA DENTAL COLLEGE &
HOSPITAL, GOA",BDS,ST,ST,Allotted
841,1204006392,162097,All India,"TAMILNADU GOVT D.C. &
HOSP, CHENNAI",BDS,ST,ST,Allotted
842,2402013132,164687,All India,"Burdwan Dental College &
Hospital, Burdwan",BDS,ST,ST,Allotted
843,4201105079,165357,All India,"Burdwan Dental College &
Hospital, Burdwan",BDS,ST,ST,Allotted
844,3903126235,168865,All India,"GDC,PT.BDS UNIV.OF HEALTH
SCI,ROHTAK",BDS,ST,ST,Allotted
845,4201118298,170545,All India,"GOVT DEN COLL DENTAL
WING PATIALA",BDS,ST,ST,Allotted
846,3701006175,171972,Internal -Puducherry UT Domicile,JIPMER KARAIKAL,MBBS,SC,SC,Allotted
847,1404002147,176905,B.Sc Nursing All India,"College of Nursing BHU,
VARANASI",B.Sc. Nursing,SC,SC,Allotted
848,1502127089,177061,B.Sc Nursing All India,"College of Nursing BHU,
VARANASI",B.Sc. Nursing,SC,SC,Allotted
849,3905112035,177571,B.Sc Nursing All India,"College of Nursing Bhopal
Nursing College, BMHRC,
BHOPAL",B.Sc. Nursing,SC,SC,Allotted
850,1301007020,177931,All India,"Dental Institue, RIMS, Ranchi",BDS,ST,ST,Allotted
851,1205008462,178524,All India,"S.C.B. MEDICAL
COLL(DENTAL),CUTTACK",BDS,ST,ST,Allotted
852,4205006261,179071,All India,"ESIC Dental College, Gulbarga",BDS,ST,ST,Allotted
853,1503009194,179139,All India,"GDC,PT.BDS UNIV.OF HEALTH
SCI,ROHTAK",BDS,ST,ST,Allotted
854,1502323267,180861,B.Sc Nursing All India,"College of Nursing Bhopal
Nursing College, BMHRC,
BHOPAL",B.Sc. Nursing,SC,SC,Allotted
855,4201012354,181654,All India,"Government Dental College,
Alappuzha",BDS,ST,ST,Allotted
856,3903104332,181907,All India,"Govt Dental College RIMS
Kadapa",BDS,ST,ST,Allotted
857,1301008039,182014,All India,"GOVT DENTAL COLLEGE
Kannur",BDS,ST,ST,Allotted
858,3905112232,182600,All India,"GOVT. DENTAL COLLEGE &
HOSP.,MUMBAI",BDS,ST,ST,Allotted
859,1502004036,182645,All India,"PATNA DENTAL COLLEGE &
HOSPITAL, PATNA",BDS,ST,ST,Allotted
860,4605001325,182731,B.Sc Nursing All India,"College of Nursing BHU,
VARANASI",B.Sc. Nursing,SC,SC,Allotted
861,1601005714,183397,All India,"GOVT. DENTAL COLLEGE &
HOSP.,AURANGABAD",BDS,ST,ST,Allotted
862,4601002496,183528,B.Sc Nursing All India,"College of Nursing BHU,
VARANASI",B.Sc. Nursing,SC,SC,Allotted
863,4203003330,183544,All India,"GOVT. DENTAL COLL.& HOSP.,
JAMNAGAR",BDS,ST,ST,Allotted
864,4602003056,184301,B.Sc Nursing All India,"College of Nursing BHU,
VARANASI",B.Sc. Nursing,SC,SC,Allotted
865,1501010171,184462,B.Sc Nursing All India,"College of Nursing Bhopal
Nursing College, BMHRC,
BHOPAL",B.Sc. Nursing,SC,SC,Allotted
866,1204021199,187230,All India,"GOVT. DENTAL COLLEGE &
HOSP.,NAGPUR",BDS,ST,ST,Allotted
867,4208007243,188319,All India,"GOVT. DENTAL COLLEGE,
TRIVANDRUM",BDS,ST,ST,Allotted
868,3903011280,188809,All India,"Rajah Muthiah Dental College
and Hos. , Annamalai",BDS,ST,ST,Allotted
869,2001105013,196428,Delhi University Quota,"Lady Hardinge Medical College,
New Delhi",MBBS,ST,ST,Allotted
870,2001104591,198480,Delhi University Quota,"Maulana Azad Medical College,
New Delhi",MBBS,ST,ST,Allotted
871,3903005362,207807,B.Sc Nursing All India,"College of Nursing BHU,
VARANASI",B.Sc. Nursing,ST,ST,Allotted
872,3903109494,208029,B.Sc Nursing All India,"College of Nursing Bhopal
Nursing College, BMHRC,
BHOPAL",B.Sc. Nursing,ST,ST,Allotted
873,2001301683,209314,B.Sc Nursing Delhi NCR,"College of Nursing Ahilya Bai
College of Nursing, Maulana
Azad Medical College",B.Sc. Nursing,EWS,EWS,Allotted
874,2402001083,209384,B.Sc Nursing All India,"College of Nursing Bhopal
Nursing College, BMHRC,
BHOPAL",B.Sc. Nursing,ST,ST,Allotted
875,3903038146,211942,B.Sc Nursing All India,"College of Nursing BHU,
VARANASI",B.Sc. Nursing,ST,ST,Allotted
876,1502322378,214826,B.Sc Nursing All India,"College of Nursing LHMC, New
Delhi",B.Sc. Nursing,SC,SC,Allotted
877,2603019005,215003,All India,"Goverment Medical College,
Bettiah",MBBS,OBC PwD,OBC PwD,Allotted
878,4609002185,216210,B.Sc Nursing All India,"College of Nursing LHMC, New
Delhi",B.Sc. Nursing,SC,SC,Allotted
879,2001002594,217222,B.Sc Nursing All India,"College of Nursing Dr. RML
Hospital, New Delhi",B.Sc. Nursing,SC,SC,Allotted
880,2001308120,217863,B.Sc Nursing All India,"College of Nursing Ahilya Bai
College of Nursing, Maulana
Azad Medical College",B.Sc. Nursing,SC,SC,Allotted
881,1502108252,219006,B.Sc Nursing All India,"College of Nursing Dr. RML
Hospital, New Delhi",B.Sc. Nursing,SC,SC,Allotted
882,3903102800,221184,B.Sc Nursing All India,"College of Nursing Safdarjung
Hospital, New Delhi",B.Sc. Nursing,SC,SC,Allotted
883,4608031206,222590,B.Sc Nursing All India,"College of Nursing Dr. RML
Hospital, New Delhi",B.Sc. Nursing,SC,SC,Allotted
884,2001310212,225223,B.Sc Nursing All India,"College of Nursing Bhopal
Nursing College, BMHRC,
BHOPAL",B.Sc. Nursing,ST,ST,Allotted
885,2303005098,225859,B.Sc Nursing All India,"College of Nursing LHMC, New
Delhi",B.Sc. Nursing,SC,SC,Allotted
886,1501005040,226995,B.Sc Nursing All India,"College of Nursing Safdarjung
Hospital, New Delhi",B.Sc. Nursing,SC,SC,Allotted
887,4601004414,227088,B.Sc Nursing All India,"College of Nursing RAK CON,
New Delhi",B.Sc. Nursing,SC,SC,Allotted
888,4606001248,228262,B.Sc Nursing All India,"College of Nursing RAK CON,
New Delhi",B.Sc. Nursing,SC,SC,Allotted
889,2001302349,228316,B.Sc Nursing Delhi NCR,"College of Nursing Ahilya Bai
College of Nursing, Maulana
Azad Medical College",B.Sc. Nursing,OBC,OBC,Allotted
890,2502010329,232966,Jamia Muslim Quota,"Faculty of Dentistry, Jamia Millia
Islamia, New Delhi",BDS,ST,ST,Allotted
891,3905024026,233974,B.Sc Nursing All India,"College of Nursing BHU,
VARANASI",B.Sc. Nursing,ST,ST,Allotted
892,2001101455,235439,Delhi University Quota,"Maulana Azad Institute of Dental
Sciences, New Delhi",BDS,ST,ST,Allotted
893,2001318218,238383,B.Sc Nursing Delhi NCR,"College of Nursing Ahilya Bai
College of Nursing, Maulana
Azad Medical College",B.Sc. Nursing,SC,SC,Allotted
894,2001304457,238439,B.Sc Nursing Delhi NCR,"College of Nursing Ahilya Bai
College of Nursing, Maulana
Azad Medical College",B.Sc. Nursing,OBC,OBC,Allotted
895,3903108525,238708,B.Sc Nursing All India,"College of Nursing RAK CON,
New Delhi",B.Sc. Nursing,SC,SC,Allotted
896,2001303294,242681,B.Sc Nursing Delhi NCR,"College of Nursing Florence
Nightingale CON, New Delhi",B.Sc. Nursing,SC,SC,Allotted
897,2001016271,242725,B.Sc Nursing Delhi NCR,"College of Nursing Ahilya Bai
College of Nursing, Maulana
Azad Medical College",B.Sc. Nursing,SC,SC,Allotted
898,2001016322,244461,B.Sc Nursing Delhi NCR,"College of Nursing Florence
Nightingale CON, New Delhi",B.Sc. Nursing,OBC,OBC,Allotted
899,2001321053,245945,IP University Quota,ESIC Dental College and Hospital,BDS,ST,ST,Allotted
900,2001309193,249376,B.Sc Nursing Delhi NCR,"College of Nursing Florence
Nightingale CON, New Delhi",B.Sc. Nursing,OBC,OBC,Allotted
901,2001315369,254817,B.Sc Nursing Delhi NCR,"College of Nursing Florence
Nightingale CON, New Delhi",B.Sc. Nursing,OBC,OBC,Allotted
902,1502303578,264137,All India,"NORTH BENGAL
MED.COLL,DARJEELING",MBBS,Open PwD,GN PwD,Allotted
903,1601007016,302526,"Employees State Insurance
Scheme(ESI)","SLBS Govt. Medical College,
Mandi",MBBS,SC,SC,Allotted
904,4205006278,303051,"Employees State Insurance
Scheme(ESI)","ESIC Dental College, Gulbarga",BDS,SC,SC,Allotted
905,3201007036,319933,B.Sc Nursing All India,"College of Nursing Dr. RML
Hospital, New Delhi",B.Sc. Nursing,ST,ST,Allotted
906,3903232193,329895,B.Sc Nursing All India,"College of Nursing LHMC, New
Delhi",B.Sc. Nursing,ST,ST,Allotted
907,3905110281,333861,B.Sc Nursing All India,"College of Nursing Dr. RML
Hospital, New Delhi",B.Sc. Nursing,ST,ST,Allotted
908,3903204727,335501,B.Sc Nursing All India,"College of Nursing RAK CON,
New Delhi",B.Sc. Nursing,ST,ST,Allotted
909,2001101264,354871,B.Sc Nursing All India,"College of Nursing Dr. RML
Hospital, New Delhi",B.Sc. Nursing,ST,ST,Allotted
910,4608018144,355232,Open Seat Quota,"AIIMS, Raipur",MBBS,Open PwD,OBC PwD,Allotted
911,1208002191,362172,B.Sc Nursing All India,"College of Nursing Safdarjung
Hospital, New Delhi",B.Sc. Nursing,ST,ST,Allotted
912,1502109399,378899,B.Sc Nursing All India,"College of Nursing RAK CON,
New Delhi",B.Sc. Nursing,ST,ST,Allotted
913,2001002606,387534,B.Sc Nursing All India,"College of Nursing Safdarjung
Hospital, New Delhi",B.Sc. Nursing,ST,ST,Allotted
914,4408104510,475745,Open Seat Quota,"AIIMS, Gorakhpur",MBBS,OBC PwD,OBC PwD,Allotted
915,4602002237,484885,Open Seat Quota,"AIIMS, Bhubaneswar",MBBS,Open PwD,GN PwD,Allotted
916,1502317076,614432,All India,"CALCUTTA NATIONAL MED
COLL,KOLKATA",MBBS,Open PwD,OBC PwD,Allotted
917,3115021026,627841,Open Seat Quota,AIIMS Rajkot,MBBS,OBC PwD,OBC PwD,Allotted
918,2601008565,759690,Open Seat Quota,"AIIMS, Kalyani",MBBS,Open PwD,GN PwD,Allotted
919,4408113011,778302,All India,"Dr. B.R. Ambedkar State Institute
of Medical Sciences",MBBS,OBC PwD,OBC PwD,Allotted
920,4411011537,784387,Open Seat Quota,"AIIMS, Bibi Nagar, Hyderabad",MBBS,Open PwD,GN PwD,Allotted
921,2705022041,818416,All India,"Gulbarga Institute of Medical
Sciences, Gulbarga",MBBS,Open PwD,GN PwD,Allotted
922,3805001118,849624,Open Seat Quota,"AIIMS, Patna",MBBS,SC PwD,SC PwD,Allotted
923,3004011091,861699,All India,"M.G.M. MEDICAL COLLEGE,
INDORE",MBBS,OBC PwD,OBC PwD,Allotted
