Round,Allotted Institute,Course,Allotted Quota,Allotted Category,Opening_Rank,Closing_Rank,Allotted_Count
2nd Mop Up BDS/BSc,"AB Shetty Memorial Inst. of Dental Sce., Mangaluru,Deralakatte, Mangaluru, Dakshina
Kannada, Karnataka, 575018",BDS,"Deemed/Pai
d Seats
Quota",Open,417769,865960,5
2nd Mop Up BDS/BSc,"BVDU Dental College and Hospital, Navi Mumbai,Bharati Vidyapeeth Dental College
and Hospital, Sec.7, Belapur Navi Mumbai., Maharashtra, 400614",BDS,"Deemed/Pai
d Seats
Quota",Open,454541,454541,1
2nd Mop Up BDS/BSc,"BVDU Dental College and Hospital, Sangli,Sangli-Miraj Road, Wanlesswadi Sangli.,
Maharashtra, 416414",BDS,"Deemed/Pai
d Seats
Quota",Open,403626,1031725,6
2nd Mop Up BDS/BSc,"Bharati Vidyapeeth DU Dental College and Hospt., Pune,Bharati Vidyapeeth (Deemed
to be University) Dental College and Hospital, Pune, Maharashtra, 411043",BDS,"Deemed/Pai
d Seats
Quota",Open,381598,701754,4
2nd Mop Up BDS/BSc,"Burdwan Dental College & Hospital, Burdwan,POWER HOUSE PARA, BURDWAN
TOWN.
PURBA BARDHAMAN. W.B- 713101",BDS,All India,OBC,48782,50932,2
2nd Mop Up BDS/BSc,"Burdwan Dental College & Hospital, Burdwan,POWER HOUSE PARA, BURDWAN
TOWN.
PURBA BARDHAMAN. W.B- 713101",BDS,All India,Open,31217,46302,5
2nd Mop Up BDS/BSc,"Burdwan Dental College & Hospital, Burdwan,POWER HOUSE PARA, BURDWAN
TOWN.
PURBA BARDHAMAN. W.B- 713101",BDS,All India,SC,169621,181553,2
2nd Mop Up BDS/BSc,"Burdwan Dental College & Hospital, Burdwan,POWER HOUSE PARA, BURDWAN
TOWN.
PURBA BARDHAMAN. W.B- 713101",BDS,All India,ST,335528,439731,2
2nd Mop Up BDS/BSc,"College of Nursing BHU, VARANASI,The Director Institute of Medical Sciences
Banaras Hindu University, Uttar Pradesh, 221005",B.Sc. Nursing,"B.Sc
Nursing All
India",EWS,122934,153020,3
2nd Mop Up BDS/BSc,"College of Nursing BHU, VARANASI,The Director Institute of Medical Sciences
Banaras Hindu University, Uttar Pradesh, 221005",B.Sc. Nursing,"B.Sc
Nursing All
India",OBC,119732,123085,2
2nd Mop Up BDS/BSc,"College of Nursing BHU, VARANASI,The Director Institute of Medical Sciences
Banaras Hindu University, Uttar Pradesh, 221005",B.Sc. Nursing,"B.Sc
Nursing All
India",Open,101826,111174,5
2nd Mop Up BDS/BSc,"College of Nursing BHU, VARANASI,The Director Institute of Medical Sciences
Banaras Hindu University, Uttar Pradesh, 221005",B.Sc. Nursing,"B.Sc
Nursing All
India",SC,240770,253644,3
2nd Mop Up BDS/BSc,"College of Nursing BHU, VARANASI,The Director Institute of Medical Sciences
Banaras Hindu University, Uttar Pradesh, 221005",B.Sc. Nursing,"B.Sc
Nursing All
India",ST,360465,414597,2
2nd Mop Up BDS/BSc,"College of Nursing Bhopal Nursing College, BMHRC, BHOPAL,Bhopal Memorial
Hospital and Research Centre Raisen bypass road karond bhopal, Madhya Pradesh,
462038",B.Sc. Nursing,"B.Sc
Nursing All
India",EWS,158317,161046,2
2nd Mop Up BDS/BSc,"College of Nursing Bhopal Nursing College, BMHRC, BHOPAL,Bhopal Memorial
Hospital and Research Centre Raisen bypass road karond bhopal, Madhya Pradesh,
462038",B.Sc. Nursing,"B.Sc
Nursing All
India",OBC,140501,146283,5
2nd Mop Up BDS/BSc,"College of Nursing Bhopal Nursing College, BMHRC, BHOPAL,Bhopal Memorial
Hospital and Research Centre Raisen bypass road karond bhopal, Madhya Pradesh,
462038",B.Sc. Nursing,"B.Sc
Nursing All
India",Open,112646,140473,11
2nd Mop Up BDS/BSc,"College of Nursing Bhopal Nursing College, BMHRC, BHOPAL,Bhopal Memorial
Hospital and Research Centre Raisen bypass road karond bhopal, Madhya Pradesh,
462038",B.Sc. Nursing,"B.Sc
Nursing All
India",SC,207475,264581,4
2nd Mop Up BDS/BSc,"College of Nursing Bhopal Nursing College, BMHRC, BHOPAL,Bhopal Memorial
Hospital and Research Centre Raisen bypass road karond bhopal, Madhya Pradesh,
462038",B.Sc. Nursing,"B.Sc
Nursing All
India",ST,324992,324992,1
2nd Mop Up BDS/BSc,"College of Nursing Dr. RML Hospital, New Delhi,Baba Kharak Singh Marg College of
Nursing Dr RML Hospital, Delhi (NCT), 110001 (Female Seat only )",B.Sc. Nursing,"B.Sc
Nursing All
India",EWS,159284,159284,1
2nd Mop Up BDS/BSc,"College of Nursing Dr. RML Hospital, New Delhi,Baba Kharak Singh Marg College of
Nursing Dr RML Hospital, Delhi (NCT), 110001 (Female Seat only )",B.Sc. Nursing,"B.Sc
Nursing All
India",OBC,159762,184889,4
2nd Mop Up BDS/BSc,"College of Nursing Dr. RML Hospital, New Delhi,Baba Kharak Singh Marg College of
Nursing Dr RML Hospital, Delhi (NCT), 110001 (Female Seat only )",B.Sc. Nursing,"B.Sc
Nursing All
India",Open,143295,158115,7
2nd Mop Up BDS/BSc,"College of Nursing Dr. RML Hospital, New Delhi,Baba Kharak Singh Marg College of
Nursing Dr RML Hospital, Delhi (NCT), 110001 (Female Seat only )",B.Sc. Nursing,"B.Sc
Nursing All
India",SC,233595,267175,3
2nd Mop Up BDS/BSc,"College of Nursing Florence Nightingale CON, New
Delhi,collegeofnursinggtbh@gmail.com, Delhi (NCT), 110095 (Female Seat only )",B.Sc. Nursing,"B.Sc
Nursing
Delhi NCR",OBC,574478,620055,2
2nd Mop Up BDS/BSc,"College of Nursing Florence Nightingale CON, New
Delhi,collegeofnursinggtbh@gmail.com, Delhi (NCT), 110095 (Female Seat only )",B.Sc. Nursing,"B.Sc
Nursing
Delhi NCR",Open,281631,450170,3
2nd Mop Up BDS/BSc,"College of Nursing Florence Nightingale CON, New
Delhi,collegeofnursinggtbh@gmail.com, Delhi (NCT), 110095 (Female Seat only )",B.Sc. Nursing,"B.Sc
Nursing
Delhi NCR",SC,618707,716032,2
2nd Mop Up BDS/BSc,"College of Nursing Florence Nightingale CON, New
Delhi,collegeofnursinggtbh@gmail.com, Delhi (NCT), 110095 (Female Seat only )",B.Sc. Nursing,"B.Sc
Nursing All
India",Open,156267,178964,3
2nd Mop Up BDS/BSc,"College of Nursing Florence Nightingale CON, New
Delhi,collegeofnursinggtbh@gmail.com, Delhi (NCT), 110095 (Female Seat only )",B.Sc. Nursing,"B.Sc
Nursing All
India",SC,251334,251334,1
2nd Mop Up BDS/BSc,"College of Nursing Kasturba Hospital, Delhi,College of Nursing Kasturba Hospital
Daryganj, Delhi, Delhi (NCT), 110002 (Female Seat only )",B.Sc. Nursing,"B.Sc
Nursing
Delhi NCR",Open,484188,718328,3
2nd Mop Up BDS/BSc,"College of Nursing Kasturba Hospital, Delhi,College of Nursing Kasturba Hospital
Daryganj, Delhi, Delhi (NCT), 110002 (Female Seat only )",B.Sc. Nursing,"B.Sc
Nursing
Delhi NCR",SC,835591,884502,2
2nd Mop Up BDS/BSc,"College of Nursing Kasturba Hospital, Delhi,College of Nursing Kasturba Hospital
Daryganj, Delhi, Delhi (NCT), 110002 (Female Seat only )",B.Sc. Nursing,"B.Sc
Nursing All
India",OBC,208474,216598,2
2nd Mop Up BDS/BSc,"College of Nursing Kasturba Hospital, Delhi,College of Nursing Kasturba Hospital
Daryganj, Delhi, Delhi (NCT), 110002 (Female Seat only )",B.Sc. Nursing,"B.Sc
Nursing All
India",SC,284878,284878,1
2nd Mop Up BDS/BSc,"College of Nursing LHMC, New Delhi,College of Nursing Lady Hardinge Medical
College & Associated Hospitals New Delhi, Delhi (NCT), 110001 (Female Seat only )",B.Sc. Nursing,"B.Sc
Nursing All
India",OBC,177834,181625,2
2nd Mop Up BDS/BSc,"College of Nursing LHMC, New Delhi,College of Nursing Lady Hardinge Medical
College & Associated Hospitals New Delhi, Delhi (NCT), 110001 (Female Seat only )",B.Sc. Nursing,"B.Sc
Nursing All
India",Open,62807,142877,4
2nd Mop Up BDS/BSc,"College of Nursing LHMC, New Delhi,College of Nursing Lady Hardinge Medical
College & Associated Hospitals New Delhi, Delhi (NCT), 110001 (Female Seat only )",B.Sc. Nursing,"B.Sc
Nursing All
India",SC,236530,236530,1
2nd Mop Up BDS/BSc,"College of Nursing LHMC, New Delhi,College of Nursing Lady Hardinge Medical
College & Associated Hospitals New Delhi, Delhi (NCT), 110001 (Female Seat only )",B.Sc. Nursing,"B.Sc
Nursing All
India",ST,519709,519709,1
2nd Mop Up BDS/BSc,"College of Nursing RAK CON, New Delhi,Rajkumari Amrit Kaur College of Nursing
Lajpat Nagar IV Near Moolchand Metro Station, Delhi (NCT), 110024 (Female Seat
only )",B.Sc. Nursing,"B.Sc
Nursing All
India",EWS,194548,194548,1
2nd Mop Up BDS/BSc,"College of Nursing RAK CON, New Delhi,Rajkumari Amrit Kaur College of Nursing
Lajpat Nagar IV Near Moolchand Metro Station, Delhi (NCT), 110024 (Female Seat
only )",B.Sc. Nursing,"B.Sc
Nursing All
India",OBC,175771,201371,3
2nd Mop Up BDS/BSc,"College of Nursing RAK CON, New Delhi,Rajkumari Amrit Kaur College of Nursing
Lajpat Nagar IV Near Moolchand Metro Station, Delhi (NCT), 110024 (Female Seat
only )",B.Sc. Nursing,"B.Sc
Nursing All
India",Open,154496,164881,4
2nd Mop Up BDS/BSc,"College of Nursing RAK CON, New Delhi,Rajkumari Amrit Kaur College of Nursing
Lajpat Nagar IV Near Moolchand Metro Station, Delhi (NCT), 110024 (Female Seat
only )",B.Sc. Nursing,"B.Sc
Nursing All
India",ST,557017,557017,1
2nd Mop Up BDS/BSc,"College of Nursing Safdarjung Hospital, New Delhi,College of Nursing VMMC and
Safdarjang Hospital New Delhi, Delhi (NCT), 110029 (Female Seat only )",B.Sc. Nursing,"B.Sc
Nursing All
India",OBC,167489,178280,2
2nd Mop Up BDS/BSc,"College of Nursing Safdarjung Hospital, New Delhi,College of Nursing VMMC and
Safdarjang Hospital New Delhi, Delhi (NCT), 110029 (Female Seat only )",B.Sc. Nursing,"B.Sc
Nursing All
India",Open,151684,152688,2
2nd Mop Up BDS/BSc,"College of Nursing Safdarjung Hospital, New Delhi,College of Nursing VMMC and
Safdarjang Hospital New Delhi, Delhi (NCT), 110029 (Female Seat only )",B.Sc. Nursing,"B.Sc
Nursing All
India",SC,155370,155370,1
2nd Mop Up BDS/BSc,"College of Nursing, Hindu Rao Hospital, Delhi,COLLEGE OF NURSING , HINDU RAO
HOSPITAL ,MALKA GANJ DELHI 110007, Delhi (NCT), 110007",B.Sc. Nursing,All India,OBC,89721,89721,1
2nd Mop Up BDS/BSc,"College of Nursing, Hindu Rao Hospital, Delhi,COLLEGE OF NURSING , HINDU RAO
HOSPITAL ,MALKA GANJ DELHI 110007, Delhi (NCT), 110007",B.Sc. Nursing,All India,Open,38271,86671,2
2nd Mop Up BDS/BSc,"College of Nursing, Hindu Rao Hospital, Delhi,COLLEGE OF NURSING , HINDU RAO
HOSPITAL ,MALKA GANJ DELHI 110007, Delhi (NCT), 110007",B.Sc. Nursing,"B.Sc
Nursing
Delhi NCR",Open,222783,872392,4
2nd Mop Up BDS/BSc,"College of Nursing, Hindu Rao Hospital, Delhi,COLLEGE OF NURSING , HINDU RAO
HOSPITAL ,MALKA GANJ DELHI 110007, Delhi (NCT), 110007",B.Sc. Nursing,"B.Sc
Nursing
Delhi NCR",SC,1022498,1022498,1
2nd Mop Up BDS/BSc,"DC, RIMS, Imphal,PO Lamphelpat, Imphal West District, Manipur, 795004",BDS,All India,EWS,85555,85555,1
2nd Mop Up BDS/BSc,"DC, RIMS, Imphal,PO Lamphelpat, Imphal West District, Manipur, 795004",BDS,All India,OBC,61009,61009,1
2nd Mop Up BDS/BSc,"DC, RIMS, Imphal,PO Lamphelpat, Imphal West District, Manipur, 795004",BDS,All India,Open,52313,53109,2
2nd Mop Up BDS/BSc,"DC, RIMS, Imphal,PO Lamphelpat, Imphal West District, Manipur, 795004",BDS,All India,SC,180472,180472,1
2nd Mop Up BDS/BSc,"DC, RIMS, Imphal,PO Lamphelpat, Imphal West District, Manipur, 795004",BDS,All India,ST,320870,320870,1
2nd Mop Up BDS/BSc,"DR. R. AHMED DENT.COLL & HOSP,KOLKATA,114 AJC BOSE ROAD",BDS,All India,Open,24046,24046,1
2nd Mop Up BDS/BSc,"DR. R. AHMED DENT.COLL & HOSP,KOLKATA,114 AJC BOSE ROAD",BDS,All India,ST,357488,357488,1
2nd Mop Up BDS/BSc,"Dental Institue, RIMS, Ranchi,Dental College, Rajendra Institute of Medical Sciences,
Bariatu, Ranchi, Jharkhand, 843009",BDS,All India,OBC,56016,56016,1
2nd Mop Up BDS/BSc,"Dental Institue, RIMS, Ranchi,Dental College, Rajendra Institute of Medical Sciences,
Bariatu, Ranchi, Jharkhand, 843009",BDS,All India,Open,42481,49596,3
2nd Mop Up BDS/BSc,"Dental Institue, RIMS, Ranchi,Dental College, Rajendra Institute of Medical Sciences,
Bariatu, Ranchi, Jharkhand, 843009",BDS,All India,SC,175581,175581,1
2nd Mop Up BDS/BSc,"Dr. DY Patil Dental College and Hosp. Navi Mumbai,Dr. D. Y. Patil Vidyanagar, Sector
7,
Nerul, Navi Mumbai, Maharashtra, 400706",BDS,"Deemed/Pai
d Seats
Quota",Open,471043,957557,7
2nd Mop Up BDS/BSc,"Dr. DY Patil Dental College and Hosp. Navi Mumbai,Dr. D. Y. Patil Vidyanagar, Sector
7,
Nerul, Navi Mumbai, Maharashtra, 400706",BDS,"Non-
Resident
Indian",Open,809241,869957,2
2nd Mop Up BDS/BSc,"Dr. DY Patil Dental College and Hosp. Pune,Mahesh Nagar, Pimpri, Pune - 411018,
Maharashtra, 411018",BDS,"Deemed/Pai
d Seats
Quota",Open,540891,1027795,12
2nd Mop Up BDS/BSc,"Dr. Ziauddin Ahmed Dental College and Hospital,ALIGARH,ALIGARH MUSLIM
UNIVERSITY, ALIGARH, Uttar Pradesh, 202002",BDS,"Aligarh
Muslim
University
(AMU)
Quota",Open,80748,85885,2
2nd Mop Up BDS/BSc,"Dr. Ziauddin Ahmed Dental College and Hospital,ALIGARH,ALIGARH MUSLIM
UNIVERSITY, ALIGARH, Uttar Pradesh, 202002",BDS,"Non-
Resident
Indian(AMU)
Quota",Open,527530,527530,1
2nd Mop Up BDS/BSc,"Dr. Ziauddin Ahmed Dental College and Hospital,ALIGARH,ALIGARH MUSLIM
UNIVERSITY, ALIGARH, Uttar Pradesh, 202002",BDS,"Open Seat
Quota",Open,23818,24942,2
2nd Mop Up BDS/BSc,"ESIC Dental College and Hospital,ESIC Hospital, Sector 15, Rohini, Delhi (NCT),
110089",BDS,All India,OBC,41868,41868,1
2nd Mop Up BDS/BSc,"ESIC Dental College and Hospital,ESIC Hospital, Sector 15, Rohini, Delhi (NCT),
110089",BDS,All India,ST,312587,312587,1
2nd Mop Up BDS/BSc,"ESIC Dental College and Hospital,ESIC Hospital, Sector 15, Rohini, Delhi (NCT),
110089",BDS,"IP University
Quota",EWS,72085,72085,1
2nd Mop Up BDS/BSc,"ESIC Dental College and Hospital,ESIC Hospital, Sector 15, Rohini, Delhi (NCT),
110089",BDS,"IP University
Quota",OBC,77127,88709,5
2nd Mop Up BDS/BSc,"ESIC Dental College and Hospital,ESIC Hospital, Sector 15, Rohini, Delhi (NCT),
110089",BDS,"IP University
Quota",Open,36283,38360,2
2nd Mop Up BDS/BSc,"ESIC Dental College and Hospital,ESIC Hospital, Sector 15, Rohini, Delhi (NCT),
110089",BDS,"IP University
Quota",SC,178825,184271,2
2nd Mop Up BDS/BSc,"ESIC Dental College and Hospital,ESIC Hospital, Sector 15, Rohini, Delhi (NCT),
110089",BDS,"IP University
Quota",ST,314357,314357,1
2nd Mop Up BDS/BSc,"ESIC Dental College, Gulbarga,ESIC MEDICAL COLLEGE & HOSPITAL CAMPUS,
Sedam Road, Gulbarga, Karnataka, 585106",BDS,All India,EWS,75349,75349,1
2nd Mop Up BDS/BSc,"ESIC Dental College, Gulbarga,ESIC MEDICAL COLLEGE & HOSPITAL CAMPUS,
Sedam Road, Gulbarga, Karnataka, 585106",BDS,All India,OBC,67866,69116,2
2nd Mop Up BDS/BSc,"ESIC Dental College, Gulbarga,ESIC MEDICAL COLLEGE & HOSPITAL CAMPUS,
Sedam Road, Gulbarga, Karnataka, 585106",BDS,All India,Open,56442,67062,4
2nd Mop Up BDS/BSc,"ESIC Dental College, Gulbarga,ESIC MEDICAL COLLEGE & HOSPITAL CAMPUS,
Sedam Road, Gulbarga, Karnataka, 585106",BDS,All India,SC,214748,214748,1
2nd Mop Up BDS/BSc,"ESIC Dental College, Gulbarga,ESIC MEDICAL COLLEGE & HOSPITAL CAMPUS,
Sedam Road, Gulbarga, Karnataka, 585106",BDS,"Employees
State
Insurance
Scheme(ESI
)",OBC,123718,138929,3
2nd Mop Up BDS/BSc,"ESIC Dental College, Gulbarga,ESIC MEDICAL COLLEGE & HOSPITAL CAMPUS,
Sedam Road, Gulbarga, Karnataka, 585106",BDS,"Employees
State
Insurance
Scheme(ESI
)",Open,90194,95654,3
2nd Mop Up BDS/BSc,"ESIC Dental College, Gulbarga,ESIC MEDICAL COLLEGE & HOSPITAL CAMPUS,
Sedam Road, Gulbarga, Karnataka, 585106",BDS,"Employees
State
Insurance
Scheme(ESI
)",SC,271150,314155,2
2nd Mop Up BDS/BSc,"FACULTY OF DEN SCI, KG MED UNIV,LUCKNOW,SHAHMINA ROAD,
CHOWK,LUCKNOW, Uttar Pradesh, 226003",BDS,All India,OBC,31682,31682,1
2nd Mop Up BDS/BSc,"FACULTY OF DEN SCI, KG MED UNIV,LUCKNOW,SHAHMINA ROAD,
CHOWK,LUCKNOW, Uttar Pradesh, 226003",BDS,All India,Open,23381,23381,1
2nd Mop Up BDS/BSc,"Faculty of Dentistry, Jamia Millia Islamia, New Delhi,Faculty of Dentistry Jamia Millia
Islamia A Central University Maulana Mohammad Ali Jauhar Marg, Delhi (NCT),
110025",BDS,"Muslim OBC
Quota",OBC,38494,38494,1
2nd Mop Up BDS/BSc,"Faculty of Dentistry, Jamia Millia Islamia, New Delhi,Faculty of Dentistry Jamia Millia
Islamia A Central University Maulana Mohammad Ali Jauhar Marg, Delhi (NCT),
110025",BDS,"Open Seat
Quota",Open,19919,35224,4
2nd Mop Up BDS/BSc,"GDC,PT.BDS UNIV.OF HEALTH SCI,ROHTAK,Post Graduate Institute of Dental
Sciences, Rohtak, Haryana, 124001",BDS,All India,OBC,50984,54434,2
2nd Mop Up BDS/BSc,"GDC,PT.BDS UNIV.OF HEALTH SCI,ROHTAK,Post Graduate Institute of Dental
Sciences, Rohtak, Haryana, 124001",BDS,All India,Open,39574,50829,4
2nd Mop Up BDS/BSc,"GDC,PT.BDS UNIV.OF HEALTH SCI,ROHTAK,Post Graduate Institute of Dental
Sciences, Rohtak, Haryana, 124001",BDS,All India,SC,127471,127471,1
2nd Mop Up BDS/BSc,"GDC,PT.BDS UNIV.OF HEALTH SCI,ROHTAK,Post Graduate Institute of Dental
Sciences, Rohtak, Haryana, 124001",BDS,All India,ST,353623,353623,1
2nd Mop Up BDS/BSc,"GOA DENTAL COLLEGE & HOSPITAL, GOA,Bambolim,Goa, Goa, 403202",BDS,All India,OBC,63264,75559,2
2nd Mop Up BDS/BSc,"GOA DENTAL COLLEGE & HOSPITAL, GOA,Bambolim,Goa, Goa, 403202",BDS,All India,Open,54181,54265,2
2nd Mop Up BDS/BSc,"GOA DENTAL COLLEGE & HOSPITAL, GOA,Bambolim,Goa, Goa, 403202",BDS,All India,SC,172795,172795,1
2nd Mop Up BDS/BSc,"GOA DENTAL COLLEGE & HOSPITAL, GOA,Bambolim,Goa, Goa, 403202",BDS,All India,ST,354244,354244,1
2nd Mop Up BDS/BSc,"GOVT DEN COLL DENTAL WING PATIALA,Govt.Dental College and Hospital,Patiala,
Punjab, 147001",BDS,All India,Open,37164,37164,1
2nd Mop Up BDS/BSc,"GOVT DEN COLL DENTAL WING PATIALA,Govt.Dental College and Hospital,Patiala,
Punjab, 147001",BDS,All India,SC,185571,185571,1
2nd Mop Up BDS/BSc,"GOVT DENTAL COLLEGE Kannur,Pariyaram Medical College P O, Kannur, Kerala-
670503., Kerala, 670503",BDS,All India,EWS,87415,87415,1
2nd Mop Up BDS/BSc,"GOVT DENTAL COLLEGE Kannur,Pariyaram Medical College P O, Kannur, Kerala-
670503., Kerala, 670503",BDS,All India,OBC,86479,86479,1
2nd Mop Up BDS/BSc,"GOVT DENTAL COLLEGE Kannur,Pariyaram Medical College P O, Kannur, Kerala-
670503., Kerala, 670503",BDS,All India,Open,67115,75646,3
2nd Mop Up BDS/BSc,"GOVT DENTAL COLLEGE Kannur,Pariyaram Medical College P O, Kannur, Kerala-
670503., Kerala, 670503",BDS,All India,SC,215084,215084,1
2nd Mop Up BDS/BSc,"GOVT. COLLEGE OF DENTISTRY, INDORE,1 Sardar Patel Marg
Indore",BDS,All India,EWS,59878,59878,1
2nd Mop Up BDS/BSc,"GOVT. COLLEGE OF DENTISTRY, INDORE,1 Sardar Patel Marg
Indore",BDS,All India,OBC,57294,72694,2
2nd Mop Up BDS/BSc,"GOVT. COLLEGE OF DENTISTRY, INDORE,1 Sardar Patel Marg
Indore",BDS,All India,Open,47730,47730,1
2nd Mop Up BDS/BSc,"GOVT. COLLEGE OF DENTISTRY, INDORE,1 Sardar Patel Marg
Indore",BDS,All India,SC,163568,163568,1
2nd Mop Up BDS/BSc,"GOVT. COLLEGE OF DENTISTRY, INDORE,1 Sardar Patel Marg
Indore",BDS,All India,ST,217190,217190,1
2nd Mop Up BDS/BSc,"GOVT. D.C. & RESEARCH INST,BANGALORE,FORT, VICTORIA HOSPITAL
CAMPUS, BANGALORE",BDS,All India,OBC,60985,61527,2
2nd Mop Up BDS/BSc,"GOVT. D.C. & RESEARCH INST,BANGALORE,FORT, VICTORIA HOSPITAL
CAMPUS, BANGALORE",BDS,All India,Open,56321,56321,1
2nd Mop Up BDS/BSc,"GOVT. D.C. & RESEARCH INST,BANGALORE,FORT, VICTORIA HOSPITAL
CAMPUS, BANGALORE",BDS,All India,SC,172592,172592,1
2nd Mop Up BDS/BSc,"GOVT. D.C. & RESEARCH INST,BANGALORE,FORT, VICTORIA HOSPITAL
CAMPUS, BANGALORE",BDS,All India,ST,357302,357302,1
2nd Mop Up BDS/BSc,"GOVT. DC & RESEARCH INSt., BELLARY,GOVT DENTAL COLLEGE AND RI, VIMS
CAMPUS, CANTONMENT BELLARY",BDS,All India,OBC,75606,75740,2
2nd Mop Up BDS/BSc,"GOVT. DC & RESEARCH INSt., BELLARY,GOVT DENTAL COLLEGE AND RI, VIMS
CAMPUS, CANTONMENT BELLARY",BDS,All India,ST,476028,476028,1
2nd Mop Up BDS/BSc,"GOVT. DENTAL COLL.& HOSP., JAMNAGAR,Opp. City Police Line,
Navagam Ghed,
Jamnagar, Gujarat, 361008",BDS,All India,OBC,56094,56094,1
2nd Mop Up BDS/BSc,"GOVT. DENTAL COLL.& HOSP., JAMNAGAR,Opp. City Police Line,
Navagam Ghed,
Jamnagar, Gujarat, 361008",BDS,All India,Open,51655,51655,1
2nd Mop Up BDS/BSc,"GOVT. DENTAL COLL.& HOSP., JAMNAGAR,Opp. City Police Line,
Navagam Ghed,
Jamnagar, Gujarat, 361008",BDS,All India,ST,307172,307172,1
2nd Mop Up BDS/BSc,"GOVT. DENTAL COLLEGE & HOSP,AHMEDABAD,NEW CIVIL HOSPITAL
CAMPUS, ASARWA, AHMEDABAD, Gujarat, 380016",BDS,All India,EWS,51979,51979,1
2nd Mop Up BDS/BSc,"GOVT. DENTAL COLLEGE & HOSP,AHMEDABAD,NEW CIVIL HOSPITAL
CAMPUS, ASARWA, AHMEDABAD, Gujarat, 380016",BDS,All India,OBC,38146,38146,1
2nd Mop Up BDS/BSc,"GOVT. DENTAL COLLEGE & HOSP,AHMEDABAD,NEW CIVIL HOSPITAL
CAMPUS, ASARWA, AHMEDABAD, Gujarat, 380016",BDS,All India,Open,23612,23612,1
2nd Mop Up BDS/BSc,"GOVT. DENTAL COLLEGE & HOSP,AHMEDABAD,NEW CIVIL HOSPITAL
CAMPUS, ASARWA, AHMEDABAD, Gujarat, 380016",BDS,All India,ST,331855,331855,1
2nd Mop Up BDS/BSc,"GOVT. DENTAL COLLEGE & HOSP.,AURANGABAD,Government Medical College
and Hospital Campus Dhanwantari Nagar Ghati Aurangabad, Maharashtra, 431001",BDS,All India,OBC,63822,83611,2
2nd Mop Up BDS/BSc,"GOVT. DENTAL COLLEGE & HOSP.,AURANGABAD,Government Medical College
and Hospital Campus Dhanwantari Nagar Ghati Aurangabad, Maharashtra, 431001",BDS,All India,Open,56876,56876,1
2nd Mop Up BDS/BSc,"GOVT. DENTAL COLLEGE & HOSP.,AURANGABAD,Government Medical College
and Hospital Campus Dhanwantari Nagar Ghati Aurangabad, Maharashtra, 431001",BDS,All India,SC,158781,158781,1
2nd Mop Up BDS/BSc,"GOVT. DENTAL COLLEGE & HOSP.,MUMBAI,St Georges Hospital Compound P D
Mellow road Fort Mumbai, Maharashtra, 400001",BDS,All India,OBC,60297,61059,2
2nd Mop Up BDS/BSc,"GOVT. DENTAL COLLEGE & HOSP.,MUMBAI,St Georges Hospital Compound P D
Mellow road Fort Mumbai, Maharashtra, 400001",BDS,All India,Open,52986,56503,3
2nd Mop Up BDS/BSc,"GOVT. DENTAL COLLEGE & HOSP.,MUMBAI,St Georges Hospital Compound P D
Mellow road Fort Mumbai, Maharashtra, 400001",BDS,All India,ST,270338,270338,1
2nd Mop Up BDS/BSc,"GOVT. DENTAL COLLEGE & HOSP.,NAGPUR,Government Dental College And
Hospital GMC Campus Nagpur, Maharashtra, 440003",BDS,All India,OBC,53553,53553,1
2nd Mop Up BDS/BSc,"GOVT. DENTAL COLLEGE & HOSP.,NAGPUR,Government Dental College And
Hospital GMC Campus Nagpur, Maharashtra, 440003",BDS,All India,Open,52244,52244,1
2nd Mop Up BDS/BSc,"GOVT. DENTAL COLLEGE, KOTTAYAM,Government Dental College,
P.O.Gandhinagar
Kottayam- 686008, Kerala, 686008",BDS,All India,ST,403512,403512,1
2nd Mop Up BDS/BSc,"GOVT. DENTAL COLLEGE, KOZIKODE,MEDICAL COLLEGE CAMPUS, MEDICAL
COLLEGE P.O., KOZHIKODE, Kerala, 673008",BDS,All India,OBC,88968,93491,3
2nd Mop Up BDS/BSc,"GOVT. DENTAL COLLEGE, KOZIKODE,MEDICAL COLLEGE CAMPUS, MEDICAL
COLLEGE P.O., KOZHIKODE, Kerala, 673008",BDS,All India,Open,23996,81769,2
2nd Mop Up BDS/BSc,"GOVT. DENTAL COLLEGE, KOZIKODE,MEDICAL COLLEGE CAMPUS, MEDICAL
COLLEGE P.O., KOZHIKODE, Kerala, 673008",BDS,All India,SC,218262,218262,1
2nd Mop Up BDS/BSc,"GOVT. DENTAL COLLEGE, RAIPUR,Near Marahi Mata Mandir, Rajbandha Maidan,
Raipur (C.G.), Chhattisgarh, 492001",BDS,All India,OBC,66173,66173,1
2nd Mop Up BDS/BSc,"GOVT. DENTAL COLLEGE, RAIPUR,Near Marahi Mata Mandir, Rajbandha Maidan,
Raipur (C.G.), Chhattisgarh, 492001",BDS,All India,Open,46379,55536,2
2nd Mop Up BDS/BSc,"GOVT. DENTAL COLLEGE, RAIPUR,Near Marahi Mata Mandir, Rajbandha Maidan,
Raipur (C.G.), Chhattisgarh, 492001",BDS,All India,SC,194391,194391,1
2nd Mop Up BDS/BSc,"GOVT. DENTAL COLLEGE, RAIPUR,Near Marahi Mata Mandir, Rajbandha Maidan,
Raipur (C.G.), Chhattisgarh, 492001",BDS,All India,ST,462511,462511,1
2nd Mop Up BDS/BSc,"GOVT. DENTAL COLLEGE, SHIMLA,HP GOVERNMENT DENTAL COLLEGE AND
HOSPITAL SHIMLA",BDS,All India,OBC,54745,54745,1
2nd Mop Up BDS/BSc,"GOVT. DENTAL COLLEGE, SHIMLA,HP GOVERNMENT DENTAL COLLEGE AND
HOSPITAL SHIMLA",BDS,All India,Open,52651,52651,1
2nd Mop Up BDS/BSc,"GOVT. DENTAL COLLEGE, SHIMLA,HP GOVERNMENT DENTAL COLLEGE AND
HOSPITAL SHIMLA",BDS,All India,SC,174096,174096,1
2nd Mop Up BDS/BSc,"GOVT. DENTAL COLLEGE, TRIVANDRUM,Govt Dental College Thiruvananthapuram
Kerala",BDS,All India,Open,62213,62213,1
2nd Mop Up BDS/BSc,"GOVT. DENTAL COLLEGE, TRIVANDRUM,Govt Dental College Thiruvananthapuram
Kerala",BDS,All India,SC,220465,225919,2
2nd Mop Up BDS/BSc,"GOVT. DENTAL COLLEGE, TRIVANDRUM,Govt Dental College Thiruvananthapuram
Kerala",BDS,All India,ST,509038,509038,1
2nd Mop Up BDS/BSc,"Government Dental College & Hospital, Srinagar,Shireen Bagh Karan Nagar Srinagar
Jammu and Kashmir India, Jammu And Kashmir, 190010",BDS,All India,OBC,72084,75610,2
2nd Mop Up BDS/BSc,"Government Dental College & Hospital, Srinagar,Shireen Bagh Karan Nagar Srinagar
Jammu and Kashmir India, Jammu And Kashmir, 190010",BDS,All India,Open,50656,62711,4
2nd Mop Up BDS/BSc,"Government Dental College & Hospital, Srinagar,Shireen Bagh Karan Nagar Srinagar
Jammu and Kashmir India, Jammu And Kashmir, 190010",BDS,All India,SC,195514,195514,1
2nd Mop Up BDS/BSc,"Government Dental College Hyderabad,GOVERNMENT DENTAL COLLEGE AND
HOSPITAL,
AFZALGUNJ, HYDERABAD - 500012, Telangana, 500012",BDS,All India,EWS,63594,63594,1
2nd Mop Up BDS/BSc,"Government Dental College Hyderabad,GOVERNMENT DENTAL COLLEGE AND
HOSPITAL,
AFZALGUNJ, HYDERABAD - 500012, Telangana, 500012",BDS,All India,OBC,66043,72902,3
2nd Mop Up BDS/BSc,"Government Dental College Hyderabad,GOVERNMENT DENTAL COLLEGE AND
HOSPITAL,
AFZALGUNJ, HYDERABAD - 500012, Telangana, 500012",BDS,All India,Open,46073,46073,1
2nd Mop Up BDS/BSc,"Government Dental College Hyderabad,GOVERNMENT DENTAL COLLEGE AND
HOSPITAL,
AFZALGUNJ, HYDERABAD - 500012, Telangana, 500012",BDS,All India,SC,176030,176030,1
2nd Mop Up BDS/BSc,"Government Dental College Hyderabad,GOVERNMENT DENTAL COLLEGE AND
HOSPITAL,
AFZALGUNJ, HYDERABAD - 500012, Telangana, 500012",BDS,All India,ST,302274,344799,2
2nd Mop Up BDS/BSc,"Government Dental College and Hospital, Vijayawada,Government Dental College and
Hospital, Machavaram Post, Vijayawada - 520004, Andhra Pradesh, 520004",BDS,All India,OBC,79265,79265,1
2nd Mop Up BDS/BSc,"Government Dental College and Hospital, Vijayawada,Government Dental College and
Hospital, Machavaram Post, Vijayawada - 520004, Andhra Pradesh, 520004",BDS,All India,Open,52684,52684,1
2nd Mop Up BDS/BSc,"Government Dental College and Hospital, Vijayawada,Government Dental College and
Hospital, Machavaram Post, Vijayawada - 520004, Andhra Pradesh, 520004",BDS,All India,ST,269691,269691,1
2nd Mop Up BDS/BSc,"Government Dental College, Alappuzha,Government Dental College
T.D Medical College (PO)
Alappuzha,Kerala, Kerala, 688005",BDS,All India,EWS,87485,87485,1
2nd Mop Up BDS/BSc,"Government Dental College, Alappuzha,Government Dental College
T.D Medical College (PO)
Alappuzha,Kerala, Kerala, 688005",BDS,All India,OBC,82251,87542,2
2nd Mop Up BDS/BSc,"Government Dental College, Alappuzha,Government Dental College
T.D Medical College (PO)
Alappuzha,Kerala, Kerala, 688005",BDS,All India,Open,73967,76418,3
2nd Mop Up BDS/BSc,"Government Dental College, Alappuzha,Government Dental College
T.D Medical College (PO)
Alappuzha,Kerala, Kerala, 688005",BDS,All India,SC,180397,180397,1
2nd Mop Up BDS/BSc,"Government Dental College, Thrissur,MEDICAL COLLEGE(P O) THRISSUR, Kerala,
680596",BDS,All India,Open,74317,82366,3
2nd Mop Up BDS/BSc,"Government Dental College, Thrissur,MEDICAL COLLEGE(P O) THRISSUR, Kerala,
680596",BDS,All India,SC,210568,210568,1
2nd Mop Up BDS/BSc,"Government Dental College, Thrissur,MEDICAL COLLEGE(P O) THRISSUR, Kerala,
680596",BDS,All India,ST,452721,452721,1
2nd Mop Up BDS/BSc,"Govt Dental College RIMS Kadapa,PRINCIPAL GOVT DENTAL COLLEGE, RIMS,
PUTLAMPALLI KADAPA State ANDHRA PRADESH Pin 516004, Andhra Pradesh,
516004",BDS,All India,OBC,87943,87993,2
2nd Mop Up BDS/BSc,"Govt Dental College RIMS Kadapa,PRINCIPAL GOVT DENTAL COLLEGE, RIMS,
PUTLAMPALLI KADAPA State ANDHRA PRADESH Pin 516004, Andhra Pradesh,
516004",BDS,All India,Open,63044,72907,3
2nd Mop Up BDS/BSc,"Govt Dental College RIMS Kadapa,PRINCIPAL GOVT DENTAL COLLEGE, RIMS,
PUTLAMPALLI KADAPA State ANDHRA PRADESH Pin 516004, Andhra Pradesh,
516004",BDS,All India,SC,184310,188384,2
2nd Mop Up BDS/BSc,"Govt Dental College RIMS Kadapa,PRINCIPAL GOVT DENTAL COLLEGE, RIMS,
PUTLAMPALLI KADAPA State ANDHRA PRADESH Pin 516004, Andhra Pradesh,
516004",BDS,All India,ST,372724,372724,1
2nd Mop Up BDS/BSc,"IMS BHU Dental, Varanasi,Institute of Medical Sciences, Banaras Hindu University,
Uttar Pradesh, 221105",BDS,"Open Seat
Quota",EWS,27129,27129,1
2nd Mop Up BDS/BSc,"IMS BHU Dental, Varanasi,Institute of Medical Sciences, Banaras Hindu University,
Uttar Pradesh, 221105",BDS,"Open Seat
Quota",OBC,24154,35805,2
2nd Mop Up BDS/BSc,"IMS BHU Dental, Varanasi,Institute of Medical Sciences, Banaras Hindu University,
Uttar Pradesh, 221105",BDS,"Open Seat
Quota",Open,23274,23284,2
2nd Mop Up BDS/BSc,"IMS BHU Dental, Varanasi,Institute of Medical Sciences, Banaras Hindu University,
Uttar Pradesh, 221105",BDS,"Open Seat
Quota",SC,127323,127323,1
2nd Mop Up BDS/BSc,"IMS BHU Dental, Varanasi,Institute of Medical Sciences, Banaras Hindu University,
Uttar Pradesh, 221105",BDS,"Open Seat
Quota",ST,251627,346474,2
2nd Mop Up BDS/BSc,"Indira Gandhi Dental College and SBV, Pondycherry,SBV Campus, Pillaiyarkuppam,
Pondicherry, Puducherry, 607402",BDS,"Deemed/Pai
d Seats
Quota",Open,786192,815172,2
2nd Mop Up BDS/BSc,"Indira Gandhi Govt. Dental College, Jammu,Indira Gandhi Govt. Dental College,
Rehari Chungi, Jammu, Jammu And Kashmir, 180005",BDS,All India,OBC,67649,67649,1
2nd Mop Up BDS/BSc,"Indira Gandhi Govt. Dental College, Jammu,Indira Gandhi Govt. Dental College,
Rehari Chungi, Jammu, Jammu And Kashmir, 180005",BDS,All India,Open,54762,57669,2
2nd Mop Up BDS/BSc,"Indira Gandhi Govt. Dental College, Jammu,Indira Gandhi Govt. Dental College,
Rehari Chungi, Jammu, Jammu And Kashmir, 180005",BDS,All India,ST,255912,255912,1
2nd Mop Up BDS/BSc,"Institute of Dental Sciences, Bhubaneswar,K8, Kalinga Nagar, PO-Mahalaxmi Vihar,
Bhubaneswar, Odisha, 751003",BDS,"Deemed/Pai
d Seats
Quota",Open,178906,810238,5
2nd Mop Up BDS/BSc,"JSS Dental College, Mysuru,The Principal JSS Dental College and Hospital Medical
Institutions Campus Bannimantap S S Nagar Mysu, Karnataka, 570015",BDS,"Deemed/Pai
d Seats
Quota",Open,258207,403013,2
2nd Mop Up BDS/BSc,"Jawaharlal Nehru Institute of Dental Sciences, Imphal,Porompat, Imphal East,
Manipur, Manipur, 795005",BDS,All India,EWS,82081,82081,1
2nd Mop Up BDS/BSc,"Jawaharlal Nehru Institute of Dental Sciences, Imphal,Porompat, Imphal East,
Manipur, Manipur, 795005",BDS,All India,OBC,85901,92631,2
2nd Mop Up BDS/BSc,"Jawaharlal Nehru Institute of Dental Sciences, Imphal,Porompat, Imphal East,
Manipur, Manipur, 795005",BDS,All India,Open,61139,69898,2
2nd Mop Up BDS/BSc,"Jawaharlal Nehru Institute of Dental Sciences, Imphal,Porompat, Imphal East,
Manipur, Manipur, 795005",BDS,All India,SC,201432,204758,2
2nd Mop Up BDS/BSc,"Jawaharlal Nehru Institute of Dental Sciences, Imphal,Porompat, Imphal East,
Manipur, Manipur, 795005",BDS,All India,ST,342416,342416,1
2nd Mop Up BDS/BSc,"KLE VK Inst. of Dental Scie. Belagavi,KLE V.K. Institute of Dental Sciences, J.N.
Medical College Campus, Nehru Nagar,Belagavi-590010.Karn, Karnataka, 590010",BDS,"Deemed/Pai
d Seats
Quota",Open,418262,767883,4
2nd Mop Up BDS/BSc,"Laxmi Bai Batra College Of Nursing, Delhi,45,46, 47, Tughlakabad Institutional Area,
Mehrauli Badarpur Road, New Delhi, Delhi (NCT), 110062 (Female Seat only )",B.Sc. Nursing,"B.Sc
Nursing
Delhi NCR",Open,500272,820047,8
2nd Mop Up BDS/BSc,"Laxmi Bai Batra College Of Nursing, Delhi,45,46, 47, Tughlakabad Institutional Area,
Mehrauli Badarpur Road, New Delhi, Delhi (NCT), 110062 (Female Seat only )",B.Sc. Nursing,"B.Sc
Nursing
Delhi NCR",SC,1045388,1045388,1
2nd Mop Up BDS/BSc,"Laxmi Bai Batra College Of Nursing, Delhi,45,46, 47, Tughlakabad Institutional Area,
Mehrauli Badarpur Road, New Delhi, Delhi (NCT), 110062 (Female Seat only )",B.Sc. Nursing,"B.Sc
Nursing All
India",EWS,215624,215624,1
2nd Mop Up BDS/BSc,"Laxmi Bai Batra College Of Nursing, Delhi,45,46, 47, Tughlakabad Institutional Area,
Mehrauli Badarpur Road, New Delhi, Delhi (NCT), 110062 (Female Seat only )",B.Sc. Nursing,"B.Sc
Nursing All
India",OBC,208129,245245,5
2nd Mop Up BDS/BSc,"Laxmi Bai Batra College Of Nursing, Delhi,45,46, 47, Tughlakabad Institutional Area,
Mehrauli Badarpur Road, New Delhi, Delhi (NCT), 110062 (Female Seat only )",B.Sc. Nursing,"B.Sc
Nursing All
India",Open,188387,201405,5
2nd Mop Up BDS/BSc,"Laxmi Bai Batra College Of Nursing, Delhi,45,46, 47, Tughlakabad Institutional Area,
Mehrauli Badarpur Road, New Delhi, Delhi (NCT), 110062 (Female Seat only )",B.Sc. Nursing,"B.Sc
Nursing All
India",SC,284369,284369,1
2nd Mop Up BDS/BSc,"Laxmi Bai Batra College Of Nursing, Delhi,45,46, 47, Tughlakabad Institutional Area,
Mehrauli Badarpur Road, New Delhi, Delhi (NCT), 110062 (Female Seat only )",B.Sc. Nursing,"B.Sc
Nursing All
India",ST,573599,573599,1
2nd Mop Up BDS/BSc,"M.G.D.C. & HOSPITAL, PUDUCHERRY,GOVT. OF PUDUCHERRY INSTITUTION,
GORIMEDU, PONDICHERRY, Puducherry, 605006",BDS,All India,EWS,72563,72563,1
2nd Mop Up BDS/BSc,"M.G.D.C. & HOSPITAL, PUDUCHERRY,GOVT. OF PUDUCHERRY INSTITUTION,
GORIMEDU, PONDICHERRY, Puducherry, 605006",BDS,All India,OBC,66035,66035,1
2nd Mop Up BDS/BSc,"M.G.D.C. & HOSPITAL, PUDUCHERRY,GOVT. OF PUDUCHERRY INSTITUTION,
GORIMEDU, PONDICHERRY, Puducherry, 605006",BDS,All India,Open,55321,55321,1
2nd Mop Up BDS/BSc,"M.G.D.C. & HOSPITAL, PUDUCHERRY,GOVT. OF PUDUCHERRY INSTITUTION,
GORIMEDU, PONDICHERRY, Puducherry, 605006",BDS,All India,SC,178130,178130,1
2nd Mop Up BDS/BSc,"M.G.D.C. & HOSPITAL, PUDUCHERRY,GOVT. OF PUDUCHERRY INSTITUTION,
GORIMEDU, PONDICHERRY, Puducherry, 605006",BDS,All India,ST,395121,395121,1
2nd Mop Up BDS/BSc,"MANAV RACHNA DENTAL COLLEGE FARIDABAD,SECTOR - 43, DELHI
SURAJKUND ROAD FARIDABAD, Haryana, 121004",BDS,"Deemed/Pai
d Seats
Quota",Open,263635,293729,2
2nd Mop Up BDS/BSc,"Maulana Azad Institute of Dental Sciences, New Delhi,MAMC Complex, B.S. Zafar
Marg, New Delhi, Delhi (NCT), 110002",BDS,All India,SC,127382,127382,1
2nd Mop Up BDS/BSc,"Maulana Azad Institute of Dental Sciences, New Delhi,MAMC Complex, B.S. Zafar
Marg, New Delhi, Delhi (NCT), 110002",BDS,"Delhi
University
Quota",OBC,33901,33901,1
2nd Mop Up BDS/BSc,"Maulana Azad Institute of Dental Sciences, New Delhi,MAMC Complex, B.S. Zafar
Marg, New Delhi, Delhi (NCT), 110002",BDS,"Delhi
University
Quota",Open,25172,25172,1
2nd Mop Up BDS/BSc,"Meenakshi Ammal Dental College and Host., Chennai1,ALAPAKKAM MAIN ROAD
MADURAVOYAL
CHENNAI, Tamil Nadu, 600095",BDS,"Deemed/Pai
d Seats
Quota",Open,362305,1038907,16
2nd Mop Up BDS/BSc,"NAIR HOSP DENTAL COLLEGE & HOSP,MUMBAI,Dr. A.L. Nair Road, Mumbai
Central, Mumbai - 400 008, Maharashtra, 400008",BDS,All India,OBC,47491,47491,1
2nd Mop Up BDS/BSc,"NAIR HOSP DENTAL COLLEGE & HOSP,MUMBAI,Dr. A.L. Nair Road, Mumbai
Central, Mumbai - 400 008, Maharashtra, 400008",BDS,All India,Open,43244,43244,1
2nd Mop Up BDS/BSc,"NAIR HOSP DENTAL COLLEGE & HOSP,MUMBAI,Dr. A.L. Nair Road, Mumbai
Central, Mumbai - 400 008, Maharashtra, 400008",BDS,All India,SC,142234,142234,1
2nd Mop Up BDS/BSc,"NORTH BENGAL DENT.COLL,SUSHRUTNAGAR,P.O SHUSHRUTA NAGAR, DIST.
DARJEELING,",BDS,All India,Open,26583,26583,1
2nd Mop Up BDS/BSc,"NORTH BENGAL DENT.COLL,SUSHRUTNAGAR,P.O SHUSHRUTA NAGAR, DIST.
DARJEELING,",BDS,All India,SC,182279,182279,1
2nd Mop Up BDS/BSc,"NORTH BENGAL DENT.COLL,SUSHRUTNAGAR,P.O SHUSHRUTA NAGAR, DIST.
DARJEELING,",BDS,All India,ST,450815,450815,1
2nd Mop Up BDS/BSc,"PATNA DENTAL COLLEGE & HOSPITAL, PATNA,BANKIPUR,ASHOK
RAJPATH,PATNA, Bihar, 800004",BDS,All India,ST,292649,292649,1
2nd Mop Up BDS/BSc,"PB. GOVT. DENTAL COLLEGE & HOSP,AMRITSAR,Majitha Road,Amritsar, Punjab,
143001",BDS,All India,Open,51255,51255,1
2nd Mop Up BDS/BSc,"PB. GOVT. DENTAL COLLEGE & HOSP,AMRITSAR,Majitha Road,Amritsar, Punjab,
143001",BDS,All India,SC,191881,191881,1
2nd Mop Up BDS/BSc,"Panna Dai College of Nursing, New Delhi,Deen Dayal Upadhayay Hospital, Hari
Nagar, Delhi, Delhi (NCT), 110064 (Female Seat only )",B.Sc. Nursing,"B.Sc
Nursing
Delhi NCR",Open,451058,707363,3
2nd Mop Up BDS/BSc,"Panna Dai College of Nursing, New Delhi,Deen Dayal Upadhayay Hospital, Hari
Nagar, Delhi, Delhi (NCT), 110064 (Female Seat only )",B.Sc. Nursing,"B.Sc
Nursing All
India",OBC,213386,218419,2
2nd Mop Up BDS/BSc,"Panna Dai College of Nursing, New Delhi,Deen Dayal Upadhayay Hospital, Hari
Nagar, Delhi, Delhi (NCT), 110064 (Female Seat only )",B.Sc. Nursing,"B.Sc
Nursing All
India",Open,191384,191384,1
2nd Mop Up BDS/BSc,"REGIONAL DENTAL COLLEGE, GUWAHATI,PO Indrapur,Bhangagarh, Guwahati,
Assam, 781032",BDS,All India,OBC,71135,71135,1
2nd Mop Up BDS/BSc,"REGIONAL DENTAL COLLEGE, GUWAHATI,PO Indrapur,Bhangagarh, Guwahati,
Assam, 781032",BDS,All India,Open,57382,63338,4
2nd Mop Up BDS/BSc,"REGIONAL DENTAL COLLEGE, GUWAHATI,PO Indrapur,Bhangagarh, Guwahati,
Assam, 781032",BDS,All India,SC,204572,204572,1
2nd Mop Up BDS/BSc,"RUHS College of Dental Science, Jaipur,Ruhs College of dental science , johtwara
road jaipur, Rajasthan, 302016",BDS,All India,OBC,49441,50397,2
2nd Mop Up BDS/BSc,"RUHS College of Dental Science, Jaipur,Ruhs College of dental science , johtwara
road jaipur, Rajasthan, 302016",BDS,All India,Open,43757,46727,2
2nd Mop Up BDS/BSc,"Rajah Muthiah Dental College and Hos. , Annamalai ,GOVT DENTAL COLLEGE AND
HOSPITAL, CUDDALORE DT- ERSTWHILE RAJAH MUTHIAH DENTAL COLLEGE
AND HOSPITAL, Tamil Nadu, 608002",BDS,All India,EWS,85038,85038,1
2nd Mop Up BDS/BSc,"Rajah Muthiah Dental College and Hos. , Annamalai ,GOVT DENTAL COLLEGE AND
HOSPITAL, CUDDALORE DT- ERSTWHILE RAJAH MUTHIAH DENTAL COLLEGE
AND HOSPITAL, Tamil Nadu, 608002",BDS,All India,OBC,80012,89540,3
2nd Mop Up BDS/BSc,"Rajah Muthiah Dental College and Hos. , Annamalai ,GOVT DENTAL COLLEGE AND
HOSPITAL, CUDDALORE DT- ERSTWHILE RAJAH MUTHIAH DENTAL COLLEGE
AND HOSPITAL, Tamil Nadu, 608002",BDS,All India,Open,45440,74927,4
2nd Mop Up BDS/BSc,"Rajah Muthiah Dental College and Hos. , Annamalai ,GOVT DENTAL COLLEGE AND
HOSPITAL, CUDDALORE DT- ERSTWHILE RAJAH MUTHIAH DENTAL COLLEGE
AND HOSPITAL, Tamil Nadu, 608002",BDS,All India,SC,215220,215220,1
2nd Mop Up BDS/BSc,"Rajah Muthiah Dental College and Hos. , Annamalai ,GOVT DENTAL COLLEGE AND
HOSPITAL, CUDDALORE DT- ERSTWHILE RAJAH MUTHIAH DENTAL COLLEGE
AND HOSPITAL, Tamil Nadu, 608002",BDS,All India,ST,433536,433536,1
2nd Mop Up BDS/BSc,"Rural Dental College, Loni,At - Loni Tal - Rahata
Dist - Ahmednagar
Maharashtra State, India
PIN-413736
(Near Shirdi), Maharashtra, 413736",BDS,"Deemed/Pai
d Seats
Quota",Open,179798,1027003,8
2nd Mop Up BDS/BSc,"S.C.B. MEDICAL COLL(DENTAL),CUTTACK,S.C.B. Dental College and Hospital,
Mangalabag, Cuttack, Pin-753 007, Odisha, 753007",BDS,All India,OBC,66480,66779,3
2nd Mop Up BDS/BSc,"S.C.B. MEDICAL COLL(DENTAL),CUTTACK,S.C.B. Dental College and Hospital,
Mangalabag, Cuttack, Pin-753 007, Odisha, 753007",BDS,All India,Open,56147,59629,4
2nd Mop Up BDS/BSc,"S.C.B. MEDICAL COLL(DENTAL),CUTTACK,S.C.B. Dental College and Hospital,
Mangalabag, Cuttack, Pin-753 007, Odisha, 753007",BDS,All India,SC,196290,196290,1
2nd Mop Up BDS/BSc,"SATHYABAMA UNIV. Dental College and Hospt. Chennai,JEPPIAAR NAGAR RAJIV
GANDHI SALAI, Tamil Nadu, 600119",BDS,"Deemed/Pai
d Seats
Quota",Open,682214,682214,1
2nd Mop Up BDS/BSc,"Santosh Dental College and Hospital, Ghaziabad,No.1, Santosh Nagar, Ghaziabad,
NCR Delhi, Uttar Pradesh, 201009",BDS,"Deemed/Pai
d Seats
Quota",Open,164696,1026355,13
2nd Mop Up BDS/BSc,"School of Dental Sciences and KIMSDU, Karad,KARAD, DIST SATARA
(MAHARASHTRA STATE) - 415110, Maharashtra, 415110",BDS,"Deemed/Pai
d Seats
Quota",Open,539844,1036511,5
2nd Mop Up BDS/BSc,"Shakuntla School and College Of Nursing, New Delhi,Jaunti, Jaunti-Garhi Randhala
Road, Delhi, Delhi (NCT), 110081 (Female Seat only )",B.Sc. Nursing,"B.Sc
Nursing
Delhi NCR",Open,707692,707692,1
2nd Mop Up BDS/BSc,"Shakuntla School and College Of Nursing, New Delhi,Jaunti, Jaunti-Garhi Randhala
Road, Delhi, Delhi (NCT), 110081 (Female Seat only )",B.Sc. Nursing,"B.Sc
Nursing
Delhi NCR",SC,1051599,1051599,1
2nd Mop Up BDS/BSc,"Shakuntla School and College Of Nursing, New Delhi,Jaunti, Jaunti-Garhi Randhala
Road, Delhi, Delhi (NCT), 110081 (Female Seat only )",B.Sc. Nursing,"B.Sc
Nursing All
India",EWS,409857,409857,1
2nd Mop Up BDS/BSc,"Shakuntla School and College Of Nursing, New Delhi,Jaunti, Jaunti-Garhi Randhala
Road, Delhi, Delhi (NCT), 110081 (Female Seat only )",B.Sc. Nursing,"B.Sc
Nursing All
India",OBC,324699,390197,13
2nd Mop Up BDS/BSc,"Shakuntla School and College Of Nursing, New Delhi,Jaunti, Jaunti-Garhi Randhala
Road, Delhi, Delhi (NCT), 110081 (Female Seat only )",B.Sc. Nursing,"B.Sc
Nursing All
India",Open,138982,320962,31
2nd Mop Up BDS/BSc,"Shakuntla School and College Of Nursing, New Delhi,Jaunti, Jaunti-Garhi Randhala
Road, Delhi, Delhi (NCT), 110081 (Female Seat only )",B.Sc. Nursing,"B.Sc
Nursing All
India",SC,356891,361208,2
2nd Mop Up BDS/BSc,"Shakuntla School and College Of Nursing, New Delhi,Jaunti, Jaunti-Garhi Randhala
Road, Delhi, Delhi (NCT), 110081 (Female Seat only )",B.Sc. Nursing,"B.Sc
Nursing All
India",ST,635406,635406,1
2nd Mop Up BDS/BSc,"Sharad Pawar Dental College and Hospital, Wardha,Sawangi (Meghe), Wardha,
Maharashtra State, INDIA, Maharashtra, 442107",BDS,"Deemed/Pai
d Seats
Quota",Open,388688,559158,3
2nd Mop Up BDS/BSc,"Sree Balaji Dental College and Hospital, Chennai,VELACHERY MAIN ROAD,
NARAYANAPURAM, PALLIKARANAI, CHENNAI - 600 100, Tamil Nadu, 600100",BDS,"Deemed/Pai
d Seats
Quota",Open,324871,836465,4
2nd Mop Up BDS/BSc,"Sri Ramachandra Dental and Hospt., Chennai,No. 1 Ramachandra Nagar, Porur,
Chennai., Tamil Nadu, 600116",BDS,"Deemed/Pai
d Seats
Quota",Open,935786,935786,1
2nd Mop Up BDS/BSc,"Sri Siddhartha DentalCollege, Tumkur,AGALAKOTE B H ROAD TUMKUR, Karnataka,
572107",BDS,"Deemed/Pai
d Seats
Quota",Open,913613,964668,2
2nd Mop Up BDS/BSc,"St. Stephen's Hospital College of Nursing, Delhi,ST. STEPHENS HOSPITAL, TIS
HAZARI, Delhi (NCT), 110054 (Female Seat only )",B.Sc. Nursing,"B.Sc
Nursing All
India",EWS,468798,479310,2
2nd Mop Up BDS/BSc,"St. Stephen's Hospital College of Nursing, Delhi,ST. STEPHENS HOSPITAL, TIS
HAZARI, Delhi (NCT), 110054 (Female Seat only )",B.Sc. Nursing,"B.Sc
Nursing All
India",OBC,219126,240339,6
2nd Mop Up BDS/BSc,"St. Stephen's Hospital College of Nursing, Delhi,ST. STEPHENS HOSPITAL, TIS
HAZARI, Delhi (NCT), 110054 (Female Seat only )",B.Sc. Nursing,"B.Sc
Nursing All
India",Open,99770,213434,14
2nd Mop Up BDS/BSc,"St. Stephen's Hospital College of Nursing, Delhi,ST. STEPHENS HOSPITAL, TIS
HAZARI, Delhi (NCT), 110054 (Female Seat only )",B.Sc. Nursing,"B.Sc
Nursing All
India",SC,292795,328119,4
2nd Mop Up BDS/BSc,"St. Stephen's Hospital College of Nursing, Delhi,ST. STEPHENS HOSPITAL, TIS
HAZARI, Delhi (NCT), 110054 (Female Seat only )",B.Sc. Nursing,"B.Sc
Nursing All
India",ST,828326,852708,2
2nd Mop Up BDS/BSc,"St. Stephen's Hospital College of Nursing, Delhi,ST. STEPHENS HOSPITAL, TIS
HAZARI, Delhi (NCT), 110054 (Female Seat only )",B.Sc. Nursing,"Christian
Minority
Quota",Open,333600,850365,3
2nd Mop Up BDS/BSc,"TAMILNADU GOVT D.C. & HOSP, CHENNAI,No. 1, TNPSC SALAI, PARK TOWN,
CHENNAI 600003, Tamil Nadu, 600003",BDS,All India,OBC,82455,83630,2
2nd Mop Up BDS/BSc,"TAMILNADU GOVT D.C. & HOSP, CHENNAI,No. 1, TNPSC SALAI, PARK TOWN,
CHENNAI 600003, Tamil Nadu, 600003",BDS,All India,Open,52707,71253,4
2nd Mop Up BDS/BSc,"TAMILNADU GOVT D.C. & HOSP, CHENNAI,No. 1, TNPSC SALAI, PARK TOWN,
CHENNAI 600003, Tamil Nadu, 600003",BDS,All India,SC,200414,215148,2
2nd Mop Up BDS/BSc,"TAMILNADU GOVT D.C. & HOSP, CHENNAI,No. 1, TNPSC SALAI, PARK TOWN,
CHENNAI 600003, Tamil Nadu, 600003",BDS,All India,ST,336872,336872,1
2nd Mop Up BDS/BSc,"Thaimoogambigai Dental College and Hsopt. Chennai,Golden George Nagar,
Mogappair, Chennai 600 107, Tamil Nadu, 600107",BDS,"Deemed/Pai
d Seats
Quota",Open,272650,272650,1
2nd Mop Up BDS/BSc,"VMS Dental College, Salem,Sankari Main Road
NH 47 Ariyanoor PO Salem Tamilnadu., Tamil Nadu, 636308",BDS,"Deemed/Pai
d Seats
Quota",Open,355455,561996,4
2nd Mop Up BDS/BSc,"Yenepoya Dental College, Yenepoya,University Road Deralakatte Mangaluru,
Karnataka, 575018",BDS,"Deemed/Pai
d Seats
Quota",Open,151885,702659,5
2nd Mop Up BDS/BSc,"Yenepoya Dental College, Yenepoya,University Road Deralakatte Mangaluru,
Karnataka, 575018",BDS,"Non-
Resident
Indian",Open,1015277,1015277,1
